ID,W,G,R,AB,H,1B,2B,3B,HR,BB,SO,SB,CS,HBP,BBHBP,SF,Outs,Outsinplay,RA,BA,OBA,SLG,OPS,LogRuns,Team_ID,Team_ID_Encoded
1,60,162,558,5336,1432.0,891,247,31,111,460,840,144,80,0,460,0,4056,3216,740,0.23988006,0.300207039,0.360194903,0.660401942,6.326149473155099,Team_117,78.24317125352412
3,86,161,677,5620,1432.0,1147,216,46,83,531,752,172,62,0,531,0,4128,3376,643,0.265480427,0.328889611,0.364590747,0.693480359,6.519147287940395,Team_119,78.4197920174313
5,79,162,679,5550,1432.0,1088,262,63,83,543,879,207,89,0,543,0,4054,3175,710,0.26954955,0.334646315,0.384324324,0.71897064,6.522092798170152,Team_53,80.47483898790898
7,96,162,780,5536,1432.0,990,265,40,163,561,933,129,39,0,561,0,4078,3145,682,0.263367052,0.331146465,0.414017341,0.745163807,6.660575149839686,Team_144,79.76364493635991
9,96,162,688,5441,1432.0,905,247,21,181,542,1384,64,31,55,597,35,4087,2703,548,0.248851314,0.321258027,0.401764382,0.723022409,6.535241271013659,Team_125,79.7216495326434
11,95,162,783,5497,1432.0,932,300,35,198,616,961,74,21,65,681,52,4032,3071,616,0.266509005,0.344462279,0.441877388,0.786339667,6.664409020350408,Team_107,81.82141971846934
13,83,162,861,5677,1432.0,969,328,21,244,526,1026,89,34,60,586,34,4115,3089,908,0.275145323,0.341114817,0.469261934,0.810376751,6.759255270663693,Team_33,78.65152336482947
15,75,163,761,5643,1432.0,1114,222,39,123,600,815,126,77,0,600,0,4145,3330,766,0.265461634,0.336056383,0.384015595,0.720071978,6.635946555686647,Team_143,80.22457741386685
17,71,162,642,5546,1432.0,1000,218,29,134,476,979,51,47,0,476,0,4165,3186,717,0.249008294,0.308369313,0.371258565,0.679627877,6.466144724237619,Team_33,78.65152336482947
19,61,162,679,5503,1432.0,966,239,28,153,443,1046,92,41,0,443,0,4117,3071,772,0.25186262,0.307601749,0.388878793,0.696480542,6.522092798170152,Team_91,77.84180840021031
21,92,162,789,5592,1432.0,1038,283,53,156,508,831,93,53,0,508,0,4062,3231,679,0.27360515,0.334098361,0.4268598,0.76095816,6.672032945461067,Team_11,80.6876732725293
23,79,162,687,5369,1432.0,946,206,30,142,619,990,140,78,0,619,0,4045,3055,697,0.246600857,0.324482298,0.375488918,0.699971216,6.5337888379333435,Team_48,80.51826350729577
25,83,162,670,5450,1432.0,969,227,44,113,550,1023,121,78,0,550,0,4097,3074,626,0.248256881,0.317166667,0.368256881,0.685423547,6.508769136971682,Team_96,79.78353845446166
27,100,162,805,5585,1432.0,1080,258,29,156,587,766,111,38,0,587,0,4062,3296,640,0.272694718,0.341866494,0.413070725,0.754937219,6.692083742506628,Team_74,80.60960351986894
29,76,162,752,5560,1432.0,940,279,37,157,602,1177,131,53,46,648,43,4147,2970,815,0.254136691,0.329707247,0.402338129,0.732045376,6.6240652277998935,Team_87,79.46967711034428
31,83,162,666,5517,1432.0,1066,249,38,116,452,760,209,102,0,452,0,4048,3288,646,0.266267899,0.321829452,0.388254486,0.710083938,6.502790045915623,Team_11,80.6876732725293
33,71,162,723,5602,1432.0,1025,283,45,168,384,1038,66,28,53,437,52,4081,3043,787,0.271510175,0.321457889,0.428061407,0.749519295,6.584791392385716,Team_135,79.76364493635991
35,68,162,718,5559,1432.0,943,320,47,163,438,939,70,51,0,438,0,4086,3147,853,0.264975715,0.31865933,0.427415003,0.746074332,6.577861357721047,Team_75,80.18856998822673
37,95,162,733,5388,1432.0,927,288,42,138,582,914,137,52,0,582,0,3993,3079,619,0.258908686,0.331155779,0.404788419,0.735944198,6.598509028614515,Team_75,80.18856998822673
39,81,162,707,5473,1432.0,1022,235,32,126,455,791,165,62,0,455,0,4058,3267,679,0.258541933,0.315452092,0.382240088,0.697692179,6.56244409369372,Team_118,78.2165289677809
41,89,162,705,5485,1432.0,996,243,36,148,647,827,89,48,0,647,0,4062,3235,656,0.259434822,0.337573386,0.397812215,0.735385601,6.559615237493242,Team_137,80.6876732725293
43,100,144,840,5028,1432.0,952,279,23,207,542,766,132,53,0,542,0,3567,2801,607,0.290572792,0.359605027,0.478719173,0.8383242,6.734591659972948,Team_29,79.88500096778132
45,75,162,667,5477,1432.0,917,238,47,141,527,1095,122,51,0,527,0,4134,3039,673,0.24520723,0.311459027,0.383056418,0.694515445,6.504288173536645,Team_8,79.07985339874436
47,67,162,680,5573,1432.0,976,292,38,139,471,1092,73,30,72,543,49,4128,3036,769,0.259285842,0.322465531,0.400143549,0.72260908,6.523562306149512,Team_91,77.84180840021031
49,81,162,632,5482,1432.0,956,267,30,100,572,958,160,70,0,572,0,4129,3171,630,0.246807734,0.317971589,0.36118205,0.679153639,6.450470422144176,Team_23,79.14332055828211
51,87,162,673,5499,1432.0,1017,213,30,133,607,915,130,56,0,607,0,4106,3191,687,0.253318785,0.327546675,0.375522822,0.703069498,6.513230110912307,Team_29,79.88500096778132
53,98,162,812,5584,1498.0,1016,264,22,196,586,952,63,26,0,586,0,4086,3134,681,0.268266476,0.337763371,0.428724928,0.7664883,6.70073110954781,Team_94,80.46876264396167
55,69,162,748,5615,1516.0,1026,325,49,116,556,1021,90,45,35,591,51,4099,3078,880,0.269991095,0.336742848,0.40730187,0.744044718,6.618738983517219,Team_82,80.21336691063277
57,51,162,610,5457,1307.0,877,266,16,148,426,1535,110,61,52,478,38,4150,2615,848,0.239508888,0.298844802,0.375481034,0.674325835,6.415096959171596,Team_28,77.83185636540004
59,76,162,651,5422,1339.0,903,272,43,121,539,1238,155,46,54,593,34,4083,2845,710,0.246956842,0.319391635,0.379933604,0.699325239,6.480044561926653,Team_86,77.51346915829869
61,97,162,809,5714,1633.0,1193,266,59,115,508,709,185,43,0,508,0,4081,3372,694,0.285789289,0.344101575,0.413370669,0.757472244,6.697034247666484,Team_117,78.24317125352412
63,70,161,714,5483,1416.0,947,278,46,145,469,944,132,42,55,524,56,4067,3123,842,0.258252781,0.31997361,0.405070217,0.725043827,6.5722825426940075,Team_43,77.62187934681745
65,88,162,726,5476,1467.0,986,279,39,163,511,1103,59,23,57,568,39,4009,2906,670,0.267896275,0.334538879,0.422388605,0.756927484,6.588926477533519,Team_99,80.22457741386685
67,79,162,901,5728,1619.0,1014,376,35,194,595,1207,81,25,63,658,54,4109,2902,967,0.282646648,0.353571429,0.462115922,0.81568735,6.804614520062624,Team_149,78.60802230113683
69,53,115,547,3978,1045.0,687,238,21,99,417,680,59,37,0,417,0,2933,2253,586,0.262694822,0.332650739,0.407742584,0.740393324,6.306275286948016,Team_17,78.08382878769916
71,80,162,702,5475,1390.0,922,248,51,169,587,1109,111,49,0,587,0,4085,2976,749,0.253881279,0.32612999,0.410410959,0.736540949,6.555356891810665,Team_125,79.7216495326434
73,79,162,859,5572,1499.0,971,263,21,244,610,1095,130,45,0,610,0,4073,2978,905,0.26902369,0.341151731,0.455132807,0.796284538,6.756932389247553,Team_3,79.92188918976353
75,72,162,693,5441,1341.0,882,249,20,190,532,1149,78,45,52,584,35,4100,2951,839,0.246462047,0.317656766,0.404337438,0.721994204,6.542471960506805,Team_32,80.28747804394744
77,87,162,772,5572,1493.0,1013,296,25,159,568,1226,75,35,63,631,39,4079,2853,766,0.267946877,0.340275553,0.415649677,0.75592523,6.650279048587422,Team_19,79.77554565349752
79,90,162,875,5710,1600.0,1010,352,35,203,578,1108,102,42,50,628,50,4110,3002,737,0.280210158,0.348778961,0.460770578,0.809549538,6.775366090936392,Team_124,79.77554565349752
81,96,162,891,5710,1636.0,1127,325,23,161,676,954,99,58,0,676,0,4074,3120,688,0.286514886,0.362041967,0.436077058,0.798119025,6.79346613258001,Team_24,80.64554841440682
83,84,162,749,5503,1441.0,951,291,32,167,589,1120,71,27,59,648,37,4062,2942,695,0.261857169,0.337588882,0.417408686,0.754997568,6.620073206530356,Team_89,80.27606583556135
85,90,162,660,5460,1418.0,994,281,44,99,563,888,125,65,0,563,0,4042,3154,609,0.25970696,0.328905861,0.381684982,0.710590843,6.493753839851686,Team_107,81.82141971846934
87,75,162,816,5555,1460.0,947,298,36,179,503,1224,88,25,56,559,42,4095,2871,844,0.262826283,0.32797271,0.42610261,0.75407532,6.705639094860003,Team_35,78.29380580628175
89,101,162,791,5528,1490.0,1011,268,37,174,597,1160,108,58,0,597,0,4038,2878,581,0.269536903,0.340734694,0.425832127,0.766566821,6.674561391814426,Team_66,80.60355301069029
91,78,161,637,5508,1401.0,986,255,50,110,537,1016,193,95,0,537,0,4107,3091,688,0.254357298,0.320595533,0.378721859,0.699317393,6.45833828334479,Team_130,79.22922709560753
93,66,160,669,5422,1389.0,1015,220,28,126,490,818,98,50,0,490,0,4033,3215,763,0.256178532,0.317828146,0.376798229,0.694626376,6.507277712385012,Team_141,79.7091125924128
95,87,162,758,5661,1560.0,1123,275,32,130,534,673,62,38,0,534,0,4101,3428,679,0.275569687,0.338014528,0.404345522,0.74236005,6.63200177739563,Team_53,80.47483898790898
97,86,162,735,5539,1459.0,990,300,20,149,602,1064,58,26,52,654,47,4080,3016,641,0.263404947,0.338621795,0.405488355,0.74411015,6.601230118728877,Team_96,79.78353845446166
99,70,160,680,5499,1409.0,969,258,27,155,508,966,132,62,0,508,0,4090,3124,781,0.256228405,0.319127684,0.397526823,0.716654507,6.523562306149512,Team_85,79.06761202339203
101,46,103,407,3576,920.0,659,176,30,55,278,494,122,52,0,278,0,2656,2162,425,0.257270694,0.310845874,0.369407159,0.680253033,6.0112671744041615,Team_63,78.37525563334707
103,73,162,735,5544,1429.0,952,274,40,163,555,1201,118,42,57,612,44,4115,2914,774,0.257756133,0.329193548,0.40981241,0.739005958,6.601230118728877,Team_124,79.77554565349752
105,79,162,735,5612,1438.0,972,264,19,183,535,1250,97,50,63,598,40,4174,2924,720,0.256236636,0.32576,0.40787598,0.73363598,6.601230118728877,Team_104,79.21770468804517
107,96,162,855,5659,1599.0,1047,310,32,210,475,930,143,45,39,514,49,4060,3130,677,0.282558756,0.339601414,0.459975261,0.799576675,6.752270376141742,Team_39,79.81413345688416
109,85,162,574,5458,1328.0,919,260,25,124,407,985,80,36,72,479,28,4130,3145,556,0.243312569,0.30293378,0.368266764,0.671200545,6.354370040797351,Team_46,80.47756679954074
111,66,162,602,5498,1307.0,820,297,18,172,439,1230,63,32,67,506,30,4191,2961,689,0.237722808,0.300464037,0.392142597,0.692606634,6.401917196727186,Team_119,78.4197920174313
113,86,162,791,5543,1448.0,930,325,27,166,651,1155,72,29,55,706,38,4095,2940,697,0.261230381,0.342611739,0.419447952,0.762059691,6.674561391814426,Team_15,79.14332055828211
115,79,162,629,5472,1306.0,887,275,19,125,516,1264,101,34,54,570,44,4166,2902,618,0.238669591,0.308248439,0.364400585,0.672649024,6.4457198193855785,Team_105,79.8588764691577
117,71,161,634,5393,1423.0,1055,221,41,106,409,625,83,68,0,409,0,3970,3345,731,0.26386056,0.315753189,0.379009828,0.694763016,6.453624998892692,Team_35,78.29380580628175
119,55,161,673,5604,1418.0,953,297,35,133,456,1115,102,45,58,514,36,4186,3071,918,0.253033547,0.313942151,0.389721627,0.703663779,6.513230110912307,Team_33,78.65152336482947
121,74,162,707,5541,1439.0,1004,266,17,152,532,1039,81,59,0,532,0,4102,3063,812,0.259700415,0.324551293,0.396137881,0.720689174,6.56244409369372,Team_108,79.33136683864726
123,88,162,752,5484,1467.0,1006,263,21,177,467,922,160,74,79,546,38,4017,3095,704,0.26750547,0.331740277,0.419948942,0.751689219,6.6240652277998935,Team_121,78.93638824398828
125,82,162,642,5459,1361.0,923,273,18,147,545,1062,66,48,65,610,35,4098,3036,713,0.249313061,0.322903014,0.386700861,0.709603875,6.466144724237619,Team_83,80.27651685201475
127,80,163,861,5585,1516.0,989,291,38,198,551,916,127,46,0,551,0,4069,3153,931,0.271441361,0.336864407,0.4435094,0.780373807,6.759255270663693,Team_45,79.28355939771134
129,77,162,793,5567,1480.0,1017,253,23,187,594,1030,167,68,0,594,0,4087,3057,787,0.265852344,0.336633663,0.420334112,0.756967775,6.677083461247136,Team_45,79.28355939771134
131,67,161,634,5483,1358.0,896,295,32,135,540,1312,138,40,68,608,40,4125,2813,757,0.247674631,0.320665471,0.387014408,0.707679879,6.453624998892692,Team_11,80.6876732725293
133,85,163,736,5470,1386.0,956,247,37,146,471,843,108,56,0,471,0,4084,3241,720,0.253382084,0.312573641,0.39213894,0.70471258,6.602587892189336,Team_8,79.07985339874436
135,81,162,680,5530,1405.0,968,263,60,114,515,839,187,72,0,515,0,4125,3286,650,0.254068716,0.317617866,0.38517179,0.702789656,6.523562306149512,Team_24,80.64554841440682
137,101,162,770,5528,1505.0,1091,259,45,110,542,793,127,70,0,542,0,4023,3230,557,0.272250362,0.33723229,0.395079595,0.732311885,6.647688373563329,Team_110,81.7692300647022
139,64,162,587,5410,1319.0,974,227,30,88,529,887,98,81,0,529,0,4091,3204,663,0.243807763,0.311163496,0.345656192,0.656819688,6.376726947898627,Team_101,77.40770845452556
141,67,143,673,4886,1278.0,891,214,29,144,517,916,131,53,0,517,0,3608,2692,673,0.261563651,0.332222839,0.405648792,0.737871632,6.513230110912307,Team_57,78.73141318472601
143,89,163,845,5628,1540.0,1061,292,26,161,678,1040,102,51,0,678,0,4088,3048,739,0.273631841,0.351728513,0.420575693,0.772304205,6.740519359606223,Team_129,80.64554841440682
145,69,163,650,5493,1395.0,982,271,35,107,393,1060,159,51,0,393,0,4098,3038,718,0.253959585,0.303771662,0.374476607,0.678248268,6.478509642208569,Team_108,79.33136683864726
147,86,162,656,5436,1365.0,918,259,27,161,464,1192,88,28,40,504,39,4071,2879,626,0.251103753,0.312594079,0.397534952,0.710129031,6.48768401848461,Team_14,80.09960816609207
149,81,162,738,5625,1521.0,1117,240,44,120,598,954,87,46,0,598,0,4104,3150,692,0.2704,0.340511008,0.392711111,0.733222119,6.6052979209482015,Team_16,79.25970009176169
151,97,159,730,5555,1496.0,1109,231,36,120,470,616,163,65,0,470,0,4059,3443,575,0.269306931,0.326307054,0.388658866,0.71496592,6.594413459749778,Team_135,79.76364493635991
153,80,162,686,5496,1451.0,989,319,29,114,508,871,73,38,0,508,0,4045,3174,698,0.264010189,0.326282478,0.394832606,0.721115084,6.532334292222349,Team_29,79.88500096778132
155,79,162,817,5565,1520.0,992,303,11,214,593,903,86,48,0,593,0,4045,3142,785,0.273135669,0.343130887,0.44690027,0.790031156,6.706862336602747,Team_136,78.11355212439187
157,89,162,613,5364,1331.0,933,240,41,117,554,814,87,54,0,554,0,4033,3219,594,0.24813572,0.31851977,0.37360179,0.69212156,6.419994928147142,Team_63,78.37525563334707
159,72,162,579,5364,1306.0,996,202,20,88,416,882,160,101,0,416,0,4058,3176,671,0.243475019,0.297923875,0.337807606,0.635731482,6.363028103540465,Team_15,79.14332055828211
161,66,162,682,5650,1499.0,1132,229,26,112,528,980,126,76,0,528,0,4151,3171,807,0.265309735,0.328099709,0.374513274,0.702612983,6.52649485957079,Team_31,78.86341803446572
163,96,162,768,5497,1398.0,881,317,24,176,556,898,48,14,59,615,53,4099,3201,643,0.254320538,0.326520681,0.416772785,0.743293466,6.645090969505644,Team_111,81.19148866272155
165,66,162,613,5554,1440.0,1022,264,21,133,424,1056,76,34,54,478,45,4114,3058,785,0.259272596,0.315616258,0.386208138,0.701824396,6.419994928147142,Team_115,78.99985726791036
167,88,162,759,5502,1468.0,1014,281,31,142,495,1089,149,58,0,495,0,4034,2945,706,0.266812068,0.327330332,0.406579426,0.733909757,6.633318433280377,Team_74,80.60960351986894
169,69,161,747,5428,1401.0,941,284,24,152,641,834,135,68,0,641,0,4027,3193,829,0.258106116,0.336463997,0.403279293,0.73974329,6.617402977974478,Team_116,78.8038572081368
171,77,163,639,5610,1429.0,1048,242,33,106,442,767,119,60,0,442,0,4181,3414,609,0.254723708,0.309153999,0.36631016,0.675464159,6.461468176353717,Team_96,79.78353845446166
173,69,162,733,5525,1426.0,1036,240,25,125,555,932,138,93,0,555,0,4099,3167,792,0.258099548,0.325822368,0.378461538,0.704283907,6.598509028614515,Team_74,80.60960351986894
175,75,162,713,5617,1482.0,1034,286,36,126,508,1080,97,45,0,508,0,4135,3055,808,0.263841908,0.324897959,0.394872708,0.719770667,6.570882962339584,Team_49,78.85800620300988
177,85,162,748,5518,1409.0,941,228,29,211,461,1203,109,43,65,526,36,4109,2906,676,0.25534614,0.318256579,0.42189199,0.740148569,6.618738983517219,Team_12,80.71607961873718
179,69,162,699,5507,1408.0,955,289,34,130,466,986,102,47,48,514,37,4099,3113,751,0.255674596,0.317266425,0.391320138,0.708586563,6.551080335043404,Team_105,79.8588764691577
181,95,162,682,5502,1434.0,1051,226,28,129,539,846,136,58,0,539,0,4068,3222,579,0.260632497,0.326601556,0.382224646,0.708826202,6.52649485957079,Team_123,80.30365349564403
183,95,161,807,5536,1552.0,1035,291,41,185,549,745,100,53,0,549,0,3984,3239,722,0.280346821,0.345275267,0.447976879,0.793252146,6.694562058521095,Team_148,80.72953922183984
185,87,161,871,5556,1541.0,1017,294,25,205,631,1007,99,48,57,688,50,4015,3008,814,0.277357811,0.354146806,0.449964003,0.804110809,6.77078942390898,Team_48,80.51826350729577
187,57,161,568,5436,1340.0,981,251,28,80,514,842,110,60,0,514,0,4096,3254,708,0.246504783,0.311596639,0.347130243,0.658726881,6.343880434126331,Team_90,77.44420264236322
189,83,162,631,5594,1464.0,1064,262,44,94,495,996,208,118,0,495,0,4130,3134,604,0.261708974,0.321727706,0.374687165,0.696414871,6.448889394146858,Team_62,80.79095005250647
191,84,162,883,5642,1580.0,1017,337,14,212,578,1077,119,48,0,578,0,4062,2985,862,0.280042538,0.346945338,0.457461893,0.804407231,6.784457062637643,Team_31,78.86341803446572
193,94,162,718,5560,1476.0,1002,302,38,134,519,1246,138,50,61,580,43,4084,2838,617,0.265467626,0.332524664,0.405755396,0.73828006,6.577861357721047,Team_14,80.09960816609207
195,85,162,669,5575,1411.0,962,284,23,142,504,1189,104,27,42,546,49,4164,2975,653,0.25309417,0.317179903,0.388699552,0.705879454,6.507277712385012,Team_25,79.67965412892687
197,96,162,803,5570,1503.0,984,304,37,178,587,1158,86,32,59,646,48,4067,2909,668,0.26983842,0.34307152,0.433572711,0.776644231,6.6895992691789665,Team_29,79.88500096778132
199,78,162,760,5508,1499.0,1008,282,48,161,500,863,174,73,0,500,0,4009,3146,801,0.272149601,0.332723036,0.428467683,0.761190719,6.634633357861686,Team_109,78.34228628144017
201,83,162,735,5479,1432.0,934,300,36,162,575,1104,118,64,46,621,42,4047,2943,718,0.261361562,0.334255943,0.417959482,0.752215424,6.601230118728877,Team_74,80.60960351986894
203,67,162,639,5517,1425.0,999,255,46,125,443,862,85,67,0,443,0,4092,3230,765,0.25829255,0.313422819,0.389160776,0.702583595,6.461468176353717,Team_42,78.1678195951322
205,71,162,746,5618,1515.0,1054,267,47,147,445,1069,97,48,0,445,0,4103,3034,779,0.269668921,0.323272307,0.41242435,0.735696658,6.616065185132817,Team_14,80.09960816609207
207,96,162,773,5614,1514.0,1025,264,28,197,530,1032,83,43,0,530,0,4100,3068,648,0.269682936,0.332682292,0.431955825,0.764638116,6.651571873589727,Team_112,81.69543350731978
209,68,161,782,5559,1486.0,962,322,30,172,533,990,81,37,42,575,48,4073,3083,869,0.267314265,0.333387253,0.42885411,0.762241364,6.663132695990803,Team_93,77.51042108645524
211,71,162,684,5532,1376.0,882,289,20,185,512,1159,107,23,61,573,34,4156,2997,731,0.248734635,0.317478417,0.408532176,0.726010593,6.529418838262226,Team_67,78.31846777506655
213,89,162,799,5606,1491.0,1007,274,38,172,619,1024,138,36,39,658,49,4115,3091,715,0.265965037,0.340408681,0.420442383,0.760851064,6.684611727667927,Team_21,80.8479570263648
215,74,162,804,5490,1413.0,956,295,13,149,633,1122,131,47,0,633,0,4077,2955,866,0.257377049,0.334149927,0.39726776,0.731417686,6.690842277418564,Team_36,78.7049491524161
217,89,162,642,5422,1360.0,993,215,32,120,552,1013,136,67,0,552,0,4062,3049,626,0.250829952,0.320053565,0.368683143,0.688736708,6.466144724237619,Team_46,80.47756679954074
219,94,162,628,5431,1346.0,1005,217,25,99,437,947,131,46,0,437,0,4085,3138,544,0.247836494,0.303851397,0.351684773,0.65553617,6.444131256700441,Team_80,81.19148866272155
221,79,162,714,5599,1431.0,1072,208,17,134,613,863,102,62,0,613,0,4168,3305,733,0.255581354,0.329040567,0.370601893,0.69964246,6.5722825426940075,Team_36,78.7049491524161
223,85,162,786,5508,1470.0,1002,287,24,157,655,930,73,54,0,655,0,4038,3108,745,0.266884532,0.344799611,0.413217139,0.758016749,6.668228248417403,Team_55,78.53623404971326
225,89,162,738,5513,1472.0,1060,235,30,147,581,799,114,45,0,581,0,4041,3242,647,0.26700526,0.336888743,0.40050789,0.737396633,6.6052979209482015,Team_47,81.3403998387684
227,74,162,853,5518,1472.0,913,330,31,198,619,1134,63,37,52,671,38,4046,2912,892,0.26676332,0.344146459,0.44545125,0.789597709,6.74993119378857,Team_119,78.4197920174313
229,71,163,743,5665,1516.0,1063,277,24,152,431,902,89,36,54,485,40,4149,3247,820,0.26760812,0.323263328,0.405472198,0.728735526,6.612041034833092,Team_75,80.18856998822673
231,66,113,679,4022,1165.0,738,240,20,167,382,629,131,48,0,382,0,2857,2228,562,0.289656887,0.351271571,0.483838886,0.835110457,6.522092798170152,Team_145,79.36433619055416
233,73,162,599,5461,1343.0,979,259,21,84,591,865,44,48,0,591,0,4118,3253,669,0.245925655,0.319563781,0.347189159,0.66675294,6.396929655216146,Team_58,78.63901044860229
235,89,162,767,5536,1518.0,1036,273,22,187,449,1113,134,33,47,496,41,4018,2905,699,0.274205202,0.331631813,0.432803468,0.764435281,6.643789733147672,Team_148,80.72953922183984
237,94,162,700,5425,1341.0,899,263,30,149,567,1289,101,32,34,601,46,4084,2795,600,0.24718894,0.319828722,0.389124424,0.708953146,6.55250788703459,Team_41,81.04839216097903
239,49,112,569,3883,1045.0,663,211,18,153,372,652,48,21,0,372,0,2838,2186,616,0.269121813,0.333019976,0.450939995,0.783959971,6.345636360828596,Team_42,78.1678195951322
241,83,162,722,5505,1421.0,935,279,32,175,486,1075,153,40,48,534,38,4084,3009,648,0.258128974,0.321704789,0.415803815,0.737508603,6.583409222158765,Team_124,79.77554565349752
243,79,162,656,5465,1361.0,927,266,40,128,502,1095,130,44,46,548,57,4104,3009,652,0.249039341,0.314497529,0.382616651,0.69711418,6.48768401848461,Team_104,79.21770468804517
245,92,162,803,5468,1458.0,941,294,36,187,590,999,89,30,61,651,52,4010,3011,698,0.266642282,0.341759844,0.436174104,0.777933948,6.6895992691789665,Team_89,80.27606583556135
247,83,162,770,5530,1452.0,955,270,54,173,585,1274,99,42,47,632,47,4078,2804,717,0.262567812,0.33564181,0.42477396,0.76041577,6.647688373563329,Team_82,80.21336691063277
249,87,163,817,5608,1539.0,1056,271,40,172,585,1021,85,32,45,630,57,4069,3048,765,0.274429387,0.344559174,0.429029957,0.773589131,6.706862336602747,Team_121,78.93638824398828
251,93,163,637,5566,1455.0,1082,231,67,75,540,755,194,74,0,540,0,4111,3356,589,0.261408552,0.326727809,0.367409271,0.694137079,6.45833828334479,Team_40,77.95784257654961
253,74,162,766,5599,1451.0,937,302,35,177,529,1105,116,38,0,529,0,4148,3043,809,0.25915342,0.32310705,0.42043222,0.74353927,6.642486801367256,Team_32,80.28747804394744
255,80,162,894,5662,1578.0,1056,304,40,178,624,986,101,48,0,624,0,4084,3098,899,0.278700106,0.350302259,0.440833628,0.791135887,6.796823718274855,Team_87,79.46967711034428
257,89,162,664,5454,1417.0,1035,245,25,112,506,831,128,76,0,506,0,4037,3206,654,0.259809314,0.322651007,0.375504217,0.698155224,6.499787040655854,Team_18,81.82141971846934
259,63,162,687,5472,1359.0,937,262,24,136,514,989,133,53,77,591,49,4113,3124,829,0.248355263,0.319044503,0.379568713,0.698613216,6.5337888379333435,Team_114,78.90276526385752
261,54,161,550,5358,1275.0,919,199,20,137,504,869,69,44,0,504,0,4083,3214,789,0.237961926,0.303480041,0.359275849,0.66275589,6.311734809152915,Team_13,78.78290160642052
263,94,162,807,5486,1445.0,945,282,20,198,675,1037,66,46,45,720,51,4041,3004,738,0.26339774,0.346012466,0.43036821,0.776380676,6.694562058521095,Team_79,80.56155760697378
265,98,162,949,5720,1613.0,993,373,25,222,659,1189,68,30,69,728,55,4107,2918,768,0.281993007,0.359987698,0.472377622,0.83236532,6.856461984594587,Team_11,80.6876732725293
267,56,111,427,3766,941.0,691,161,26,63,386,543,89,50,0,386,0,2825,2282,414,0.249867233,0.31960501,0.35661179,0.676216799,6.059123195581797,Team_55,78.53623404971326
269,74,162,595,5452,1340.0,1007,211,37,85,518,778,88,55,0,518,0,4112,3334,686,0.245781365,0.311222781,0.344827586,0.656050367,6.39024066706535,Team_134,78.12582419141567
271,71,162,634,5551,1355.0,930,282,20,123,535,1337,63,25,68,603,52,4196,2859,715,0.244100162,0.315501128,0.368582237,0.684083365,6.453624998892692,Team_132,78.8397460545965
273,80,162,690,5570,1448.0,1037,237,27,147,566,1000,69,43,0,566,0,4122,3122,706,0.259964093,0.328226858,0.391382406,0.719609264,6.53813982376767,Team_146,79.50373951014369
275,105,162,855,5555,1544.0,987,319,24,214,548,1085,111,47,51,599,70,4011,2926,659,0.277947795,0.344312339,0.459585959,0.803898298,6.752270376141742,Team_107,81.82141971846934
277,83,162,961,5590,1607.0,1052,297,37,221,527,1108,201,66,0,527,0,3983,2875,964,0.287477639,0.348863822,0.472450805,0.821314627,6.8690144506657065,Team_96,79.78353845446166
279,68,162,752,5533,1400.0,981,245,21,153,615,1189,113,53,0,615,0,4133,2944,862,0.253027291,0.327748861,0.38785469,0.715603551,6.6240652277998935,Team_17,78.08382878769916
281,83,162,753,5536,1434.0,901,344,24,165,533,1044,57,22,47,580,48,4102,3058,699,0.259031792,0.326735886,0.41925578,0.745991666,6.625392368007956,Team_123,80.30365349564403
283,74,164,637,5539,1334.0,923,263,53,95,563,914,155,69,0,563,0,4205,3291,680,0.240837696,0.310881678,0.35890955,0.669791229,6.45833828334479,Team_4,78.04183338398263
285,92,162,697,5488,1411.0,935,284,30,162,487,1099,55,32,50,537,41,4077,2978,583,0.257106414,0.321134191,0.408345481,0.729479672,6.548219102762372,Team_131,79.84763574379295
287,86,162,758,5493,1399.0,902,264,27,206,519,1062,89,42,56,575,44,4094,3032,744,0.254687784,0.322971204,0.425086474,0.748057678,6.63200177739563,Team_42,78.1678195951322
289,93,162,790,5609,1522.0,948,337,30,207,503,1093,62,36,54,557,50,4087,2994,642,0.271349617,0.334459459,0.452843644,0.787303104,6.673297967767654,Team_18,81.82141971846934
291,86,162,714,5601,1520.0,1139,218,34,129,563,695,90,38,0,563,0,4081,3386,653,0.271380111,0.337929916,0.391537225,0.729467141,6.5722825426940075,Team_5,79.70257544397496
293,77,162,652,5475,1400.0,1023,228,38,111,537,952,83,73,0,537,0,4075,3123,705,0.255707763,0.322188955,0.372054795,0.69424375,6.481577129276431,Team_96,79.78353845446166
295,90,162,747,5582,1544.0,1138,275,27,104,527,834,123,74,0,527,0,4038,3204,653,0.276603368,0.339008021,0.391436761,0.730444782,6.617402977974478,Team_21,80.8479570263648
297,68,162,724,5569,1463.0,962,322,31,148,463,1135,68,30,71,534,51,4106,2971,846,0.262704256,0.324504387,0.41138445,0.735888837,6.586171654854675,Team_20,77.72607079195981
299,83,162,750,5562,1549.0,1131,252,26,140,461,607,79,51,0,461,0,4013,3406,698,0.278496944,0.333720737,0.408665948,0.742386685,6.621405651764134,Team_44,79.7216495326434
301,82,162,720,5409,1355.0,831,318,47,159,587,1287,58,23,49,636,43,4054,2767,706,0.250508412,0.327036794,0.414864115,0.741900909,6.580639137284949,Team_109,78.34228628144017
303,85,162,771,5560,1514.0,984,328,38,164,495,1083,146,67,64,559,38,4046,2963,766,0.272302158,0.336689946,0.433453237,0.770143184,6.648984550024776,Team_73,79.8918458210646
305,93,162,814,5450,1469.0,964,274,32,199,529,1089,91,35,65,594,50,3981,2892,684,0.269541284,0.338529701,0.441100917,0.779630619,6.703188113240863,Team_137,80.6876732725293
307,85,161,993,5668,1625.0,1018,343,19,245,670,1052,90,39,0,670,0,4043,2991,895,0.286697248,0.362101609,0.483592096,0.845693705,6.901737206656574,Team_107,81.82141971846934
309,67,162,738,5535,1475.0,952,310,35,178,476,1048,58,48,29,505,34,4060,3012,902,0.266485998,0.325979585,0.431616983,0.757596568,6.6052979209482015,Team_4,78.04183338398263
311,68,161,603,5446,1316.0,977,193,53,93,534,770,100,58,0,534,0,4130,3360,681,0.241645244,0.309364548,0.347778186,0.657142734,6.403574197934815,Team_109,78.34228628144017
313,69,144,615,4950,1296.0,909,263,30,94,497,884,72,25,0,497,0,3654,2770,658,0.261818182,0.329172021,0.384040404,0.713212425,6.423246963533519,Team_137,80.6876732725293
315,76,162,647,5472,1335.0,938,228,49,120,500,909,106,75,0,500,0,4137,3228,660,0.243969298,0.307267247,0.369334795,0.676602042,6.473890696352274,Team_49,78.85800620300988
317,60,108,443,3591,883.0,628,146,28,81,368,498,138,40,0,368,0,2708,2210,394,0.245892509,0.315988886,0.369813422,0.685802309,6.095824562432225,Team_125,79.7216495326434
319,87,162,691,5472,1417.0,1055,226,28,108,539,682,86,69,0,539,0,4055,3373,666,0.258954678,0.325403427,0.369700292,0.695103719,6.539585955617669,Team_66,80.60355301069029
321,78,162,666,5505,1435.0,1038,235,28,134,416,866,97,50,0,416,0,4070,3204,731,0.260672116,0.312616112,0.386557675,0.699173787,6.502790045915623,Team_91,77.84180840021031
323,89,162,789,5572,1512.0,1023,289,20,180,535,1015,118,39,80,615,39,4060,3045,727,0.271356784,0.341631866,0.427315147,0.768947014,6.672032945461067,Team_125,79.7216495326434
325,85,162,899,5620,1546.0,1048,282,38,178,765,1122,104,63,0,765,0,4074,2952,837,0.275088968,0.361942052,0.433807829,0.795749881,6.802394763324311,Team_5,79.70257544397496
327,66,161,570,5396,1326.0,1030,170,38,88,511,909,62,61,0,511,0,4070,3161,655,0.245737583,0.310986965,0.340252039,0.651239003,6.3473892096560105,Team_69,78.01057528100284
329,56,162,615,5598,1442.0,1010,309,28,95,401,1164,118,33,46,447,37,4156,2992,796,0.257591997,0.310588622,0.373704895,0.684293517,6.423246963533519,Team_9,79.28355939771134
331,84,161,633,5429,1342.0,933,242,49,118,492,880,169,77,0,492,0,4087,3207,636,0.247191011,0.309744976,0.375023024,0.684768,6.452048954437226,Team_117,78.24317125352412
333,74,162,605,5458,1408.0,1062,231,45,70,434,743,178,59,0,434,0,4050,3307,634,0.257969952,0.312627291,0.355258336,0.667885628,6.406879986069314,Team_55,78.53623404971326
335,78,162,651,5526,1447.0,1034,262,45,106,415,749,118,81,0,415,0,4079,3330,701,0.261853058,0.31341525,0.383098082,0.696513332,6.480044561926653,Team_26,78.67176443973042
337,71,162,593,5417,1284.0,904,247,42,91,501,1320,170,44,48,549,47,4133,2813,611,0.237031567,0.304839514,0.348532398,0.653371912,6.386879319362645,Team_63,78.37525563334707
339,69,162,772,5586,1531.0,1085,272,29,145,544,1042,73,49,0,544,0,4055,3013,913,0.274078052,0.338499184,0.411027569,0.749526753,6.650279048587422,Team_76,76.86596207992011
341,96,162,811,5604,1504.0,994,305,27,178,590,1202,72,41,80,670,59,4100,2898,704,0.268379729,0.343281225,0.427730193,0.771011418,6.699500340161678,Team_5,79.70257544397496
343,68,162,699,5572,1413.0,933,296,26,158,466,1062,86,61,62,528,41,4159,3097,778,0.253589375,0.316072301,0.401112706,0.717185007,6.551080335043404,Team_53,80.47483898790898
345,82,161,644,5436,1395.0,1013,237,28,117,498,1087,126,40,45,543,43,4041,2954,612,0.256622517,0.321819993,0.375091979,0.696911973,6.4692503167957724,Team_77,79.00935845351081
347,86,162,835,5510,1472.0,968,284,39,181,483,984,113,67,0,483,0,4038,3054,751,0.267150635,0.326213916,0.431397459,0.757611375,6.728628613084702,Team_128,79.0707828003606
349,84,161,770,5499,1397.0,859,302,28,208,543,1371,76,28,69,612,46,4102,2731,767,0.25404619,0.326295274,0.432624113,0.758919387,6.647688373563329,Team_54,79.14332055828211
351,91,162,771,5655,1499.0,1043,285,24,147,601,1014,109,55,0,601,0,4156,3142,682,0.265075155,0.335677749,0.401945181,0.737622931,6.648984550024776,Team_114,78.90276526385752
353,75,161,690,5496,1409.0,989,238,22,160,486,1044,87,42,63,549,30,4087,3043,703,0.256368268,0.322304527,0.395014556,0.717319083,6.53813982376767,Team_31,78.86341803446572
355,86,161,712,5451,1432.0,959,284,22,167,449,1051,114,52,52,501,41,4019,2968,743,0.262704091,0.322542967,0.414786278,0.737329245,6.569481420414296,Team_32,80.28747804394744
357,84,162,652,5433,1369.0,1025,225,44,75,516,924,220,71,0,516,0,4064,3140,645,0.251978649,0.316859976,0.351003129,0.667863105,6.481577129276431,Team_148,80.72953922183984
359,94,162,713,5527,1315.0,821,267,32,195,550,1387,122,32,45,595,34,4212,2825,614,0.237922924,0.310266407,0.403654786,0.713921192,6.570882962339584,Team_75,80.18856998822673
361,77,160,554,5465,1313.0,966,241,17,89,507,885,81,54,0,507,0,4152,3267,536,0.240256176,0.304755526,0.339432754,0.64418828,6.318968113746434,Team_109,78.34228628144017
363,72,161,680,5483,1428.0,980,267,39,142,415,1066,63,40,95,510,42,4055,2989,744,0.260441364,0.321126761,0.401057815,0.722184576,6.523562306149512,Team_48,80.51826350729577
365,54,115,521,3927,1028.0,712,208,28,80,396,711,67,24,0,396,0,2899,2188,497,0.261777438,0.329400879,0.390119684,0.719520563,6.257667587882639,Team_103,78.49856698685302
367,89,163,707,5516,1445.0,1031,256,45,113,537,852,156,43,0,537,0,4071,3219,670,0.261965192,0.327440938,0.386149384,0.713590322,6.56244409369372,Team_143,80.22457741386685
369,94,162,634,5486,1345.0,876,273,35,161,469,1330,94,42,88,557,29,4141,2811,577,0.245169522,0.313241107,0.395734597,0.708975704,6.453624998892692,Team_80,81.19148866272155
371,75,162,619,5494,1285.0,868,241,27,149,466,1259,104,35,30,496,35,4209,2950,651,0.233891518,0.29560166,0.368947943,0.664549603,6.429719478039138,Team_15,79.14332055828211
373,85,162,829,5703,1539.0,1043,288,31,177,596,1039,102,50,0,596,0,4164,3125,814,0.269857969,0.338942689,0.424338068,0.763280757,6.721425700790643,Team_79,80.56155760697378
375,59,103,464,3537,936.0,683,158,45,50,379,495,88,45,0,379,0,2601,2106,417,0.264631043,0.335801839,0.377155782,0.71295762,6.142037405587356,Team_76,76.86596207992011
377,88,162,703,5433,1358.0,974,213,28,143,588,841,87,42,0,588,0,4075,3234,658,0.249953985,0.323202126,0.378428124,0.70163025,6.556778356158042,Team_110,81.7692300647022
379,76,162,616,5555,1390.0,1071,213,26,80,568,809,87,45,0,568,0,4165,3356,652,0.250225023,0.319777887,0.341134113,0.660912,6.424869023905388,Team_34,78.85800620300988
381,62,161,617,5361,1359.0,976,213,41,129,530,819,130,76,0,530,0,4002,3183,785,0.253497482,0.320658632,0.380712554,0.701371185,6.42648845745769,Team_149,78.60802230113683
383,74,162,645,5452,1330.0,907,280,29,114,509,1094,117,43,50,559,57,4122,3028,679,0.243947175,0.311305208,0.368672047,0.679977255,6.470799503782602,Team_103,78.49856698685302
385,78,162,813,5581,1457.0,927,305,38,187,522,1142,71,18,53,575,57,4124,2982,828,0.261064325,0.327056173,0.429851281,0.756907454,6.70196036600254,Team_79,80.56155760697378
387,91,162,669,5545,1422.0,1032,208,37,145,429,1011,89,40,0,429,0,4123,3112,578,0.25644725,0.309842651,0.385752931,0.695595582,6.507277712385012,Team_129,80.64554841440682
389,37,106,329,3521,797.0,576,137,23,61,284,556,66,57,0,284,0,2724,2168,466,0.226356149,0.284099869,0.330303891,0.61440376,5.799092654460526,Team_7,75.38265511294793
391,75,162,707,5549,1482.0,1055,267,50,110,536,972,92,55,0,536,0,4067,3095,806,0.267075149,0.331635168,0.392683366,0.724318535,6.56244409369372,Team_52,77.41190232823486
393,89,160,734,5421,1443.0,1027,226,40,150,509,590,65,46,0,509,0,3978,3388,672,0.26618705,0.329173693,0.405644715,0.734818408,6.5998704992128365,Team_83,80.27651685201475
395,74,162,689,5501,1419.0,978,250,27,164,488,1006,124,56,0,488,0,4082,3076,691,0.257953099,0.318417098,0.402654063,0.721071161,6.536691597591305,Team_95,77.91724330668968
397,93,162,814,5532,1518.0,1038,268,26,186,613,760,55,53,0,613,0,4014,3254,670,0.274403471,0.346786005,0.433116414,0.779902418,6.703188113240863,Team_139,78.92373686202954
399,75,162,601,5518,1346.0,1001,216,31,98,579,954,108,58,0,579,0,4172,3218,690,0.24392896,0.315729047,0.347589706,0.663318753,6.400257445308821,Team_95,77.91724330668968
401,73,162,923,5690,1663.0,1065,324,61,213,511,1027,132,54,61,572,50,4027,3000,906,0.292267135,0.354087452,0.482952548,0.837040001,6.828712071641684,Team_8,79.07985339874436
403,103,162,733,5433,1379.0,984,209,22,164,651,992,141,54,0,651,0,4054,3062,570,0.253819253,0.333662064,0.39094423,0.724606294,6.598509028614515,Team_77,79.00935845351081
405,74,162,714,5604,1480.0,1041,228,45,166,452,764,60,46,0,452,0,4124,3360,751,0.264097074,0.319022457,0.409707352,0.728729809,6.5722825426940075,Team_39,79.81413345688416
407,75,161,655,5490,1400.0,1059,209,38,94,611,800,101,54,0,611,0,4090,3290,703,0.255009107,0.329618095,0.358287796,0.687905891,6.486160788944089,Team_16,79.25970009176169
409,96,162,802,5439,1343.0,851,295,37,160,672,1292,172,47,57,729,57,4096,2804,649,0.24692039,0.332851406,0.40301526,0.735866666,6.688354713946762,Team_53,80.47483898790898
411,75,161,809,5570,1461.0,966,274,27,194,613,1202,134,48,0,613,0,4109,2907,838,0.262298025,0.335435873,0.42567325,0.761109122,6.697034247666484,Team_32,80.28747804394744
413,78,162,851,5781,1684.0,1094,373,32,185,514,1044,68,48,0,514,0,4097,3053,857,0.291299083,0.349166005,0.462895693,0.812061698,6.747586526829315,Team_84,79.22922709560753
415,100,163,735,5583,1489.0,1098,228,38,125,505,695,98,42,0,505,0,4094,3399,582,0.26670249,0.327529566,0.388321691,0.715851257,6.601230118728877,Team_103,78.49856698685302
417,98,162,769,5589,1484.0,1042,223,28,191,588,896,114,62,0,588,0,4105,3209,582,0.26552156,0.335437915,0.417963858,0.753401772,6.646390514847729,Team_92,79.39730554246107
419,77,162,640,5474,1419.0,1035,251,26,107,596,749,105,51,0,596,0,4055,3306,680,0.259225429,0.331960461,0.373218853,0.705179314,6.46302945692067,Team_103,78.49856698685302
421,84,162,777,5502,1427.0,940,314,40,133,633,1085,171,74,0,633,0,4075,2990,660,0.259360233,0.335778321,0.40348964,0.739267961,6.656726524178391,Team_58,78.63901044860229
423,65,162,764,5589,1451.0,957,274,23,197,642,1181,71,36,0,642,0,4138,2957,946,0.259617105,0.335901139,0.422615853,0.758516992,6.639875833826536,Team_12,80.71607961873718
425,72,162,753,5604,1514.0,1035,316,33,130,618,1023,58,27,42,660,34,4090,3067,778,0.270164168,0.345188949,0.407922912,0.753111861,6.625392368007956,Team_82,80.21336691063277
427,72,162,640,5543,1452.0,1010,311,37,94,452,1044,108,46,48,500,44,4091,3047,759,0.261952012,0.320683424,0.382283962,0.702967385,6.46302945692067,Team_99,80.22457741386685
429,98,162,731,5615,1468.0,948,301,25,194,479,1325,105,35,41,520,36,4147,2822,594,0.261442565,0.322152001,0.42760463,0.749756632,6.595780513961311,Team_26,78.67176443973042
431,101,162,907,5670,1608.0,1021,321,31,235,545,933,68,22,49,594,49,4062,3129,740,0.283597884,0.348804055,0.475485009,0.824289064,6.811244378601294,Team_123,80.30365349564403
433,83,161,818,5517,1451.0,981,234,22,214,604,908,69,43,0,604,0,4066,3158,764,0.263005256,0.335729456,0.429762552,0.765492008,6.70808408385307,Team_98,79.5552279318382
435,83,162,718,5486,1447.0,992,275,32,148,499,968,96,43,58,557,40,4039,3071,700,0.263762304,0.329442709,0.406489245,0.735931955,6.577861357721047,Team_94,80.46876264396167
437,81,162,805,5543,1455.0,923,339,22,171,560,1213,77,29,103,663,49,4088,2875,761,0.262493235,0.338609113,0.424138553,0.762747666,6.692083742506628,Team_85,79.06761202339203
439,62,143,563,4779,1182.0,813,238,24,107,436,920,79,46,0,436,0,3597,2677,658,0.247332078,0.310258869,0.374346098,0.684604966,6.335054251498059,Team_77,79.00935845351081
441,89,162,818,5646,1511.0,920,358,22,211,587,1140,68,17,47,634,46,4135,2995,744,0.267623096,0.339076826,0.450938718,0.790015543,6.70808408385307,Team_131,79.84763574379295
443,93,162,795,5561,1509.0,1047,290,33,139,586,989,108,37,53,639,46,4052,3063,637,0.271354073,0.343900096,0.410357849,0.754257945,6.679599185844383,Team_144,79.76364493635991
445,81,162,684,5544,1414.0,957,271,28,158,454,1094,116,23,63,517,39,4130,3036,680,0.255050505,0.316557377,0.399531025,0.716088402,6.529418838262226,Team_129,80.64554841440682
447,80,161,624,5441,1319.0,886,257,22,154,470,1323,106,38,65,535,32,4122,2799,643,0.242418673,0.308588549,0.382650248,0.691238797,6.437751649736401,Team_88,80.01561735865903
449,75,162,673,5497,1392.0,990,227,41,134,568,842,90,59,0,568,0,4105,3263,711,0.253229034,0.323165705,0.382572312,0.705738017,6.513230110912307,Team_92,79.39730554246107
451,49,113,500,3918,1015.0,691,189,26,109,364,750,69,53,0,364,0,2903,2153,549,0.259060745,0.322045773,0.40403267,0.726078443,6.2166061010848646,Team_43,77.62187934681745
453,92,162,699,5469,1365.0,931,241,52,141,508,1071,87,54,0,508,0,4104,3033,600,0.24958859,0.31336791,0.390016456,0.703384367,6.551080335043404,Team_21,80.8479570263648
455,70,144,668,4950,1345.0,978,231,20,116,447,872,124,46,0,447,0,3605,2733,672,0.271717172,0.332036316,0.396767677,0.728803993,6.505784060128229,Team_144,79.76364493635991
457,81,163,628,5573,1400.0,985,260,48,107,454,1053,189,89,0,454,0,4173,3120,592,0.251211197,0.307615729,0.372689754,0.680305483,6.444131256700441,Team_25,79.67965412892687
459,91,162,728,5625,1517.0,1074,272,54,117,472,708,140,62,0,472,0,4108,3400,639,0.269688889,0.326226013,0.399644444,0.725870457,6.591673732008658,Team_145,79.36433619055416
461,74,162,666,5499,1458.0,1038,281,39,100,445,749,96,53,0,445,0,4041,3292,729,0.265139116,0.320154778,0.384979087,0.705133865,6.502790045915623,Team_139,78.92373686202954
463,94,162,776,5483,1454.0,1020,228,44,162,604,834,106,57,0,604,0,4029,3195,664,0.265183294,0.338097585,0.411453584,0.749551169,6.655440350367647,Team_99,80.22457741386685
465,92,162,649,5491,1447.0,1011,281,17,138,476,1146,78,28,57,533,48,4044,2898,582,0.263522127,0.326086957,0.39628483,0.722371786,6.476972362889683,Team_11,80.6876732725293
467,60,144,654,4865,1204.0,788,228,29,159,551,987,73,36,0,551,0,3661,2674,844,0.247482014,0.324039882,0.404316547,0.728356429,6.484635235635252,Team_145,79.36433619055416
469,79,162,668,5369,1345.0,1007,190,23,125,695,777,77,68,0,695,0,4024,3247,702,0.2505122,0.336411609,0.364313652,0.700725262,6.505784060128229,Team_46,80.47756679954074
471,86,162,791,5487,1445.0,903,303,19,220,519,916,77,29,58,577,41,4042,3126,715,0.263349736,0.331203931,0.445780937,0.776984868,6.674561391814426,Team_68,80.27009489051152
473,91,162,897,5600,1559.0,1016,294,37,212,577,1076,79,41,69,646,62,4041,2965,821,0.278392857,0.349556119,0.457678571,0.807234691,6.8001700683022,Team_33,78.65152336482947
475,95,162,910,5626,1579.0,1020,339,21,199,653,1044,45,12,47,700,63,4047,3003,805,0.280661216,0.35670684,0.454496978,0.811203818,6.814542897259958,Team_147,80.43557139582421
477,69,162,756,5631,1529.0,1051,306,30,142,500,939,144,42,47,547,47,4102,3163,868,0.271532587,0.333493976,0.412182561,0.745676537,6.6293632534374485,Team_13,78.78290160642052
479,81,162,692,5604,1489.0,1070,271,37,111,534,796,64,45,0,534,0,4115,3319,739,0.265703069,0.329586184,0.38668808,0.716274264,6.541029999189903,Team_136,78.11355212439187
481,97,162,877,5685,1555.0,1051,297,51,156,665,1049,91,32,0,665,0,4130,3081,740,0.273526825,0.349606299,0.426033421,0.77563972,6.777646593635117,Team_32,80.28747804394744
483,90,162,698,5499,1370.0,921,274,20,155,585,1245,67,35,76,661,46,4129,2884,589,0.249136207,0.327263938,0.390798327,0.718062265,6.54965074223381,Team_35,78.29380580628175
485,96,162,867,5589,1561.0,1008,352,35,166,689,1042,96,24,64,753,54,4028,2986,657,0.279298622,0.361788618,0.443907676,0.805696294,6.7661917146603505,Team_51,81.12549452966455
487,83,162,676,5469,1416.0,1022,257,27,110,575,1054,115,48,0,575,0,4053,2999,696,0.258913878,0.329417604,0.376119949,0.705537553,6.517671272912275,Team_120,78.7049491524161
489,81,162,675,5575,1435.0,1085,217,52,81,429,877,165,77,0,429,0,4140,3263,658,0.257399103,0.310459694,0.358565022,0.669024716,6.516193076042964,Team_20,77.72607079195981
491,69,162,694,5509,1349.0,907,239,21,182,524,1326,80,34,79,603,32,4160,2834,886,0.244872028,0.317708333,0.394990016,0.71269835,6.543911845564792,Team_90,77.44420264236322
493,81,163,653,5527,1384.0,1050,207,34,93,482,822,179,67,0,482,0,4143,3321,653,0.250407092,0.310534199,0.350642301,0.6611765,6.483107351457199,Team_85,79.06761202339203
495,83,162,650,5507,1405.0,1027,241,28,109,513,809,60,39,0,513,0,4102,3293,622,0.255129835,0.318604651,0.368440167,0.687044818,6.478509642208569,Team_102,79.34369089919473
497,88,162,821,5615,1568.0,1072,294,24,178,629,910,39,35,0,629,0,4047,3137,761,0.279252004,0.351857783,0.435262689,0.787120473,6.71174039505618,Team_79,80.56155760697378
499,103,161,897,5601,1540.0,991,314,12,223,640,1171,100,38,72,712,41,4061,2890,697,0.274950902,0.354422411,0.454740225,0.809162636,6.8001700683022,Team_17,78.08382878769916
501,71,162,848,5648,1601.0,1063,330,35,173,580,922,69,47,39,619,48,4047,3125,974,0.283463173,0.351543943,0.446175637,0.79771958,6.744059186311348,Team_57,78.73141318472601
503,101,162,747,5467,1446.0,1055,245,59,87,586,853,314,96,0,586,0,4021,3168,572,0.264496067,0.335701305,0.378635449,0.714336754,6.617402977974478,Team_145,79.36433619055416
505,81,163,800,5720,1615.0,1130,292,31,162,562,816,66,27,0,562,0,4105,3289,720,0.282342657,0.346545686,0.429195804,0.77574149,6.68586094706836,Team_148,80.72953922183984
507,68,163,618,5401,1372.0,1043,203,31,95,509,801,119,79,0,509,0,4029,3228,657,0.254027032,0.318274112,0.355860026,0.674134138,6.428105272684596,Team_98,79.5552279318382
509,44,110,426,3780,950.0,700,148,13,89,329,553,100,50,0,329,0,2830,2277,521,0.251322751,0.311267948,0.367989418,0.679257366,6.056784013228625,Team_77,79.00935845351081
511,77,162,662,5474,1395.0,1044,201,19,131,432,756,79,68,0,432,0,4079,3323,694,0.254841067,0.309346427,0.370295944,0.679642372,6.4967749901858625,Team_38,78.71747761542065
513,83,162,729,5590,1489.0,1035,237,40,177,470,807,93,66,0,470,0,4101,3294,685,0.266368515,0.323267327,0.418067979,0.741335305,6.593044534142437,Team_114,78.90276526385752
515,87,162,893,5519,1430.0,888,287,20,235,770,1129,70,37,0,770,0,4089,2960,846,0.25910491,0.349817141,0.446095307,0.795912448,6.795705775173514,Team_57,78.73141318472601
517,90,162,757,5630,1557.0,1051,325,26,155,443,1144,106,41,44,487,61,4073,2929,705,0.276554174,0.330851408,0.426110124,0.756961533,6.630683385642372,Team_55,78.53623404971326
519,73,162,635,5517,1389.0,1005,236,23,125,445,923,128,59,0,445,0,4128,3205,675,0.251767265,0.307614894,0.370853725,0.678468619,6.455198563340122,Team_142,79.04034371489308
521,98,162,900,5568,1568.0,1037,302,36,193,718,978,104,57,0,718,0,4000,3022,731,0.281609195,0.363665288,0.452765805,0.816431093,6.803505257608338,Team_82,80.21336691063277
523,87,162,798,5512,1447.0,985,234,30,198,613,885,138,58,0,613,0,4065,3180,714,0.262518142,0.336326531,0.42362119,0.759947721,6.683360945766275,Team_25,79.67965412892687
525,76,162,654,5473,1333.0,870,275,41,147,487,1138,134,50,0,487,0,4140,3002,694,0.243559291,0.305369128,0.389365978,0.694735106,6.484635235635252,Team_39,79.81413345688416
527,95,162,675,5604,1473.0,1115,219,29,110,497,795,109,50,0,497,0,4131,3336,565,0.262847966,0.322897886,0.371163455,0.69406134,6.516193076042964,Team_48,80.51826350729577
529,81,162,806,5511,1432.0,937,263,33,199,593,1056,140,63,0,593,0,4079,3023,789,0.259843948,0.331749672,0.42787153,0.759621202,6.693323668269949,Team_134,78.12582419141567
531,95,162,810,5489,1490.0,1011,274,26,179,595,1010,148,56,59,654,45,3999,2989,714,0.271451995,0.346477052,0.428675533,0.775152585,6.698268054115413,Team_64,79.00772766946258
533,72,162,634,5482,1380.0,1021,228,38,93,548,869,107,51,0,548,0,4102,3233,723,0.251732944,0.31973466,0.358080992,0.677815652,6.453624998892692,Team_109,78.34228628144017
535,116,162,927,5680,1637.0,1120,310,38,169,614,989,174,42,62,676,70,4043,3054,627,0.288204225,0.359943978,0.445422535,0.805366513,6.833031732786201,Team_51,81.12549452966455
537,76,162,813,5562,1504.0,968,325,54,157,561,1108,85,50,60,621,45,4058,2950,812,0.270406329,0.341201028,0.432937792,0.77413882,6.70196036600254,Team_55,78.53623404971326
539,85,162,755,5495,1364.0,767,319,21,257,471,1164,58,20,55,526,34,4131,2967,728,0.24822566,0.312138728,0.454231119,0.766369848,6.628041376179533,Team_91,77.84180840021031
541,78,162,673,5462,1349.0,886,280,25,158,531,1129,96,40,53,584,41,4113,2984,723,0.246979129,0.317562017,0.394177957,0.711739974,6.513230110912307,Team_112,81.69543350731978
543,95,162,761,5624,1520.0,1065,278,30,147,447,848,161,57,29,476,39,4104,3256,643,0.27027027,0.325134387,0.408783784,0.73391817,6.635946555686647,Team_27,81.44107115977849
545,84,162,803,5462,1434.0,902,297,36,199,642,1229,194,61,49,691,45,4028,2799,754,0.262541194,0.342852533,0.439399487,0.78225202,6.6895992691789665,Team_149,78.60802230113683
547,92,162,608,5472,1371.0,1046,200,34,91,486,744,144,55,0,486,0,4101,3357,543,0.250548246,0.311681772,0.349415205,0.661096977,6.411818267709897,Team_142,79.04034371489308
549,53,117,573,4006,1098.0,728,206,39,125,378,761,91,53,0,378,0,2908,2147,638,0.274088867,0.336678832,0.438592112,0.775270944,6.352629396319567,Team_76,76.86596207992011
551,61,162,689,5474,1395.0,905,267,33,190,441,1106,134,52,47,488,43,4079,2973,856,0.254841067,0.313572023,0.419802704,0.733374727,6.536691597591305,Team_132,78.8397460545965
553,66,144,621,4905,1268.0,861,265,24,118,400,901,120,49,0,400,0,3637,2736,638,0.258511723,0.314420358,0.394495413,0.708915771,6.432940092739179,Team_142,79.04034371489308
555,92,162,876,5601,1568.0,990,338,35,205,541,1049,72,39,0,541,0,4033,2984,729,0.279950009,0.343373494,0.462595965,0.805969459,6.776506992372183,Team_41,81.04839216097903
557,74,162,679,5513,1360.0,925,225,38,172,523,883,109,49,0,523,0,4153,3270,736,0.246689643,0.311961564,0.394884818,0.706846382,6.522092798170152,Team_20,77.72607079195981
559,68,162,715,5543,1408.0,969,260,21,158,622,1048,131,59,0,622,0,4135,3087,846,0.254014072,0.329278183,0.394010464,0.723288647,6.573680166960646,Team_16,79.25970009176169
561,87,162,758,5594,1464.0,1060,226,39,139,610,896,134,74,0,610,0,4130,3234,681,0.261708974,0.334300451,0.390597068,0.72489752,6.63200177739563,Team_92,79.39730554246107
563,76,162,618,5517,1349.0,931,246,26,146,467,1309,118,34,52,519,34,4168,2859,700,0.244516948,0.307742998,0.377922784,0.685665782,6.428105272684596,Team_71,78.31950581116992
565,54,106,476,3615,982.0,744,135,27,76,322,518,86,44,0,322,0,2633,2115,423,0.27164592,0.331216662,0.386998617,0.718215279,6.1675164908883415,Team_86,77.51346915829869
567,84,161,729,5575,1413.0,912,254,45,202,526,926,75,41,0,526,0,4162,3236,688,0.253452915,0.317816751,0.423856502,0.741673254,6.593044534142437,Team_12,80.71607961873718
569,88,162,682,5536,1436.0,975,275,30,156,520,1244,104,47,78,598,35,4100,2856,631,0.259393064,0.329713082,0.404443642,0.734156723,6.52649485957079,Team_94,80.46876264396167
571,84,163,738,5627,1521.0,1069,259,32,161,446,923,100,43,0,446,0,4106,3183,739,0.270303892,0.32389264,0.413541852,0.737434491,6.6052979209482015,Team_22,80.05761276237554
573,100,160,703,5408,1387.0,960,251,24,152,544,842,140,51,0,544,0,4021,3179,532,0.256471893,0.324428763,0.396079882,0.720508645,6.556778356158042,Team_48,80.51826350729577
575,69,162,734,5604,1459.0,939,339,16,165,428,1197,97,31,45,473,55,4145,2948,806,0.26034975,0.315068493,0.414882227,0.72995072,6.5998704992128365,Team_22,80.05761276237554
577,69,162,793,5643,1506.0,987,320,31,168,564,1032,86,40,66,630,37,4137,3105,888,0.26687932,0.338510301,0.423888003,0.762398304,6.677083461247136,Team_60,79.7216495326434
579,73,162,689,5524,1409.0,957,269,39,144,543,1191,164,60,0,543,0,4115,2924,708,0.255068791,0.321740564,0.39608979,0.717830354,6.536691597591305,Team_108,79.33136683864726
581,100,162,831,5605,1576.0,1078,267,47,184,533,681,93,57,0,533,0,4029,3348,651,0.28117752,0.343597263,0.444067797,0.78766506,6.723832440821209,Team_19,79.77554565349752
583,77,160,695,5522,1395.0,978,232,26,159,442,879,123,64,0,442,0,4127,3248,734,0.25262586,0.308014755,0.390438247,0.698453002,6.54534966033442,Team_121,78.93638824398828
585,86,162,615,5415,1334.0,1000,198,34,102,561,797,66,58,0,561,0,4081,3284,538,0.246352724,0.31710174,0.351985226,0.669086967,6.423246963533519,Team_2,80.27009489051152
587,55,162,583,5407,1276.0,864,238,28,146,463,1365,105,46,58,521,30,4131,2766,794,0.235990383,0.301611279,0.371370446,0.672981725,6.369900982828227,Team_35,78.29380580628175
589,69,161,733,5505,1414.0,977,253,22,162,559,1022,90,46,48,607,40,4091,3069,842,0.256857402,0.328511053,0.399091735,0.727602788,6.598509028614515,Team_120,78.7049491524161
591,74,162,821,5641,1529.0,995,293,41,200,572,1076,63,31,44,616,44,4112,3036,857,0.271051232,0.340422155,0.443892927,0.784315082,6.71174039505618,Team_147,80.43557139582421
593,87,162,763,5557,1491.0,1015,271,47,158,521,935,107,36,0,521,0,4066,3131,680,0.268310239,0.331029944,0.419290984,0.750320928,6.638567789166521,Team_115,78.99985726791036
595,63,161,605,5358,1284.0,954,176,37,117,516,910,176,89,0,516,0,4074,3164,749,0.239641657,0.306435138,0.351810377,0.658245515,6.406879986069314,Team_55,78.53623404971326
597,74,162,706,5599,1511.0,1033,283,36,159,427,1204,112,32,26,453,35,4088,2884,760,0.26986962,0.322654838,0.418467583,0.741122422,6.561030665896573,Team_54,79.14332055828211
599,79,162,849,5583,1510.0,950,312,26,222,526,1169,52,35,52,578,44,4073,2904,805,0.270463908,0.33650282,0.454952534,0.791455355,6.745236349484363,Team_114,78.90276526385752
601,78,162,629,5521,1332.0,940,248,33,111,490,1026,92,30,0,490,0,4189,3163,680,0.241260641,0.303110963,0.358449556,0.661560519,6.4457198193855785,Team_44,79.7216495326434
603,60,109,427,3600,922.0,680,148,29,65,404,500,61,37,0,404,0,2678,2178,404,0.256111111,0.331168831,0.3675,0.698668831,6.059123195581797,Team_28,77.83185636540004
605,97,162,774,5541,1443.0,942,284,37,180,626,1224,142,50,68,694,52,4098,2874,671,0.260422306,0.339907746,0.422486916,0.762394662,6.652863029353347,Team_141,79.7091125924128
607,68,162,675,5378,1343.0,921,242,34,146,553,922,65,64,0,553,0,4035,3113,792,0.249721086,0.319676277,0.388806248,0.708482525,6.516193076042964,Team_128,79.0707828003606
609,77,162,682,5537,1387.0,939,266,23,159,550,1036,81,44,0,550,0,4150,3114,753,0.250496659,0.318219156,0.392992595,0.711211751,6.52649485957079,Team_139,78.92373686202954
611,77,162,826,5632,1640.0,1088,333,36,183,469,949,67,47,0,469,0,3992,3043,855,0.291193182,0.345681036,0.460582386,0.806263422,6.717804695023691,Team_48,80.51826350729577
613,74,162,719,5521,1410.0,924,277,38,171,564,942,94,35,0,564,0,4111,3169,818,0.255388517,0.324404273,0.412244159,0.736648431,6.579251212010101,Team_70,79.63818705996256
615,72,161,615,5384,1348.0,945,241,24,138,538,904,93,76,0,538,0,4036,3132,719,0.250371471,0.318473489,0.380943536,0.699417025,6.423246963533519,Team_124,79.77554565349752
617,79,162,629,5505,1395.0,1090,183,29,93,509,816,59,47,0,509,0,4110,3294,657,0.253405995,0.316594613,0.347865577,0.664460189,6.4457198193855785,Team_4,78.04183338398263
619,87,161,641,5426,1334.0,941,246,25,122,479,922,207,56,0,479,0,4092,3170,596,0.245853299,0.307027942,0.367858459,0.674886402,6.464588303689961,Team_3,79.92188918976353
621,74,144,691,4913,1304.0,895,247,24,138,526,877,90,47,0,526,0,3609,2732,720,0.265418278,0.336458908,0.40972929,0.746188198,6.539585955617669,Team_90,77.44420264236322
623,68,162,575,5444,1314.0,1004,172,26,112,436,1031,141,64,0,436,0,4130,3099,680,0.241366642,0.297619048,0.344232182,0.64185123,6.3561076606958915,Team_51,81.12549452966455
625,82,162,864,5628,1574.0,995,309,34,236,608,1024,93,52,47,655,43,4054,3030,869,0.279673063,0.352355359,0.472459133,0.824814492,6.762729506931879,Team_102,79.34369089919473
627,85,162,898,5644,1586.0,1074,284,33,195,701,927,105,41,0,701,0,4058,3131,794,0.281006378,0.360441292,0.446669029,0.807110321,6.80128303447162,Team_6,80.99690373928452
629,89,162,788,5511,1445.0,994,239,16,196,604,949,105,43,0,604,0,4066,3117,758,0.262202867,0.335077678,0.418072945,0.753150623,6.670766320845874,Team_80,81.19148866272155
631,64,162,664,5515,1401.0,1045,218,54,84,523,762,133,62,0,523,0,4114,3352,711,0.254034451,0.318648559,0.358839529,0.677488088,6.499787040655854,Team_105,79.8588764691577
633,62,109,493,3743,961.0,672,173,20,96,300,461,39,36,0,300,0,2782,2321,459,0.256745926,0.311897106,0.390595779,0.702492885,6.202535517187923,Team_139,78.92373686202954
635,70,162,768,5610,1556.0,1084,288,20,164,474,878,121,32,73,547,41,4054,3176,899,0.277361854,0.339303001,0.423529412,0.762832413,6.645090969505644,Team_149,78.60802230113683
637,92,163,700,5538,1421.0,937,296,23,165,589,1171,73,38,36,625,55,4117,2946,646,0.256590827,0.329044709,0.407728422,0.736773131,6.55250788703459,Team_108,79.33136683864726
639,67,162,635,5474,1361.0,907,276,27,151,496,925,109,38,35,531,33,4113,3188,769,0.248629887,0.313348791,0.391669711,0.705018502,6.455198563340122,Team_106,79.34369089919473
641,83,162,717,5502,1499.0,1033,306,32,128,512,918,96,38,67,579,50,4003,3085,732,0.272446383,0.33893329,0.409487459,0.748420749,6.576469569048224,Team_122,80.05761276237554
643,89,162,651,5545,1456.0,1046,286,29,95,380,985,153,36,53,433,47,4089,3104,624,0.2625789,0.313526971,0.376014427,0.689541398,6.480044561926653,Team_134,78.12582419141567
645,97,161,859,5510,1551.0,1024,258,56,213,528,905,66,47,0,528,0,3959,3054,712,0.281488203,0.344319311,0.4646098,0.808929111,6.756932389247553,Team_47,81.3403998387684
647,54,162,573,5348,1276.0,948,188,32,108,482,751,104,69,0,482,0,4072,3321,860,0.238593867,0.301543739,0.346297681,0.647841421,6.352629396319567,Team_120,78.7049491524161
649,79,162,789,5482,1379.0,919,273,26,161,678,1273,129,44,41,719,48,4103,2830,812,0.251550529,0.335733717,0.398941992,0.734675709,6.672032945461067,Team_71,78.31950581116992
651,78,145,801,5019,1390.0,927,252,25,186,564,889,58,39,0,564,0,3629,2740,697,0.276947599,0.349991044,0.448296473,0.798287518,6.687108607866515,Team_8,79.07985339874436
653,87,162,809,5596,1591.0,1017,348,27,199,514,906,65,33,63,577,52,4005,3099,754,0.284310222,0.348273092,0.462830593,0.811103686,6.697034247666484,Team_106,79.34369089919473
655,96,162,801,5602,1608.0,1156,275,34,143,490,872,101,42,50,540,55,3994,3122,683,0.287040343,0.346619332,0.424848268,0.7714676,6.687108607866515,Team_113,80.83361369157439
657,84,162,659,5531,1460.0,1072,238,29,121,497,873,124,77,0,497,0,4071,3198,648,0.263966733,0.324651626,0.383113361,0.707764987,6.492239835020471,Team_92,79.39730554246107
659,99,162,800,5484,1439.0,970,270,42,157,527,888,165,50,0,527,0,4045,3157,650,0.262399708,0.327067044,0.412837345,0.739904389,6.68586094706836,Team_32,80.28747804394744
661,91,162,862,5625,1552.0,1071,272,46,163,598,1040,176,74,0,598,0,4073,3033,817,0.275911111,0.345492528,0.427555556,0.773048083,6.760414691083428,Team_19,79.77554565349752
663,74,162,656,5515,1442.0,1042,239,25,136,484,917,96,68,0,484,0,4073,3156,723,0.261468722,0.321053509,0.387851315,0.708904824,6.48768401848461,Team_81,78.36152747585817
665,90,162,783,5608,1458.0,947,274,32,205,511,1094,126,97,0,511,0,4150,3056,669,0.259985735,0.321784605,0.429921541,0.751706146,6.664409020350408,Team_122,80.05761276237554
667,75,162,791,5515,1411.0,957,256,16,182,675,1055,66,45,0,675,0,4104,3049,794,0.255847688,0.336995153,0.407071623,0.744066776,6.674561391814426,Team_69,78.01057528100284
669,72,162,610,5421,1325.0,906,277,35,107,489,1308,108,52,34,523,44,4096,2788,712,0.244419849,0.308617234,0.367644346,0.676261581,6.415096959171596,Team_63,78.37525563334707
671,61,162,613,5411,1297.0,859,265,36,137,447,1235,94,45,43,490,24,4114,2879,759,0.239696914,0.301603376,0.377933838,0.679537214,6.419994928147142,Team_95,77.91724330668968
673,76,162,654,5561,1403.0,957,264,45,137,474,919,97,46,0,474,0,4158,3239,673,0.252292753,0.311019056,0.389857939,0.700876995,6.484635235635252,Team_122,80.05761276237554
675,57,159,570,5366,1338.0,1003,171,39,125,383,872,63,57,0,383,0,4028,3156,786,0.249347745,0.29935641,0.365635483,0.664991892,6.3473892096560105,Team_8,79.07985339874436
677,71,161,631,5449,1327.0,936,224,35,132,446,908,98,46,0,446,0,4122,3214,757,0.243530923,0.300763359,0.370159662,0.670923021,6.448889394146858,Team_116,78.8038572081368
679,80,162,706,5550,1494.0,1066,250,43,135,478,762,73,52,0,478,0,4056,3294,707,0.269189189,0.327140013,0.402702703,0.729842716,6.561030665896573,Team_85,79.06761202339203
681,101,161,708,5495,1428.0,959,280,25,164,558,1028,76,39,54,612,49,4067,3039,565,0.259872611,0.331384016,0.409463148,0.740847164,6.5638555265321274,Team_105,79.8588764691577
683,81,162,639,5426,1367.0,907,311,32,117,491,1090,45,45,89,580,45,4059,2969,673,0.251935127,0.321764998,0.385735348,0.707500346,6.461468176353717,Team_126,80.41836791691524
685,92,162,685,5455,1439.0,1081,239,52,67,569,805,200,91,0,569,0,4016,3211,609,0.263794684,0.333333333,0.363519707,0.69685304,6.530877627725885,Team_86,77.51346915829869
687,95,162,804,5524,1462.0,924,280,13,245,565,1176,93,27,62,627,49,4062,2886,668,0.264663287,0.336935484,0.453113686,0.79004917,6.690842277418564,Team_18,81.82141971846934
689,101,162,897,5527,1483.0,940,281,20,242,670,982,84,33,80,750,50,4044,3062,808,0.26831916,0.352931879,0.45775285,0.810684729,6.8001700683022,Team_112,81.69543350731978
691,79,161,601,5378,1270.0,948,216,48,58,568,905,262,78,0,568,0,4108,3203,611,0.236147267,0.309115372,0.326515433,0.635630805,6.400257445308821,Team_95,77.91724330668968
693,97,162,772,5581,1451.0,961,290,34,166,560,1064,108,21,63,623,43,4130,3066,640,0.259989249,0.33199936,0.41336678,0.74536614,6.650279048587422,Team_112,81.69543350731978
695,67,162,676,5604,1534.0,1103,279,31,121,471,905,115,50,35,506,53,4070,3165,845,0.273733048,0.331007626,0.399357602,0.730365228,6.517671272912275,Team_131,79.84763574379295
697,83,160,681,5415,1430.0,1051,230,39,110,486,710,102,59,0,486,0,3985,3275,588,0.264081256,0.32469073,0.381902124,0.706592854,6.525029657843462,Team_66,80.60355301069029
699,72,161,641,5330,1300.0,875,263,20,142,537,1109,86,49,73,610,41,4030,2921,730,0.243902439,0.319344591,0.380675422,0.700020013,6.464588303689961,Team_116,78.8038572081368
701,89,162,583,5394,1382.0,1057,224,52,49,461,745,190,95,0,461,0,4012,3267,582,0.256210604,0.314773698,0.344271413,0.65904511,6.369900982828227,Team_124,79.77554565349752
703,87,162,784,5526,1436.0,889,296,27,224,472,1253,149,36,37,509,51,4090,2837,740,0.259862468,0.319585935,0.44480637,0.764392305,6.665683717782408,Team_24,80.64554841440682
705,50,107,395,3642,886.0,652,148,22,64,321,540,98,39,0,321,0,2756,2216,416,0.243272927,0.304567247,0.3487095,0.653276747,5.981414211254481,Team_117,78.24317125352412
707,72,162,843,5618,1510.0,949,304,27,230,554,1055,62,34,62,616,50,4108,3053,882,0.268778925,0.338319542,0.455322179,0.79364172,6.738152494595957,Team_73,79.8918458210646
709,76,162,629,5552,1446.0,1024,280,35,107,469,1078,67,26,39,508,42,4106,3028,691,0.260446686,0.320222878,0.381304035,0.701526912,6.4457198193855785,Team_76,76.86596207992011
711,65,162,605,5504,1345.0,983,240,43,79,502,1027,125,68,0,502,0,4159,3132,717,0.244367733,0.307525808,0.346656977,0.654182784,6.406879986069314,Team_4,78.04183338398263
713,67,162,750,5552,1519.0,1033,289,40,157,412,990,151,49,69,481,51,4033,3043,936,0.273595101,0.328731098,0.424891931,0.753623029,6.621405651764134,Team_94,80.46876264396167
715,88,162,777,5524,1448.0,993,274,28,153,550,1029,97,74,0,550,0,4076,3047,709,0.262128892,0.328943036,0.404960174,0.73390321,6.656726524178391,Team_37,79.6067163535327
717,103,162,915,5660,1604.0,1014,325,21,244,663,1014,111,28,54,717,39,4056,3042,753,0.283392226,0.36175187,0.477561837,0.839313708,6.82001636467413,Team_13,78.78290160642052
719,90,162,799,5612,1493.0,914,304,40,235,625,1090,57,42,50,675,54,4119,3029,748,0.266037063,0.341901908,0.460085531,0.801987439,6.684611727667927,Team_108,79.33136683864726
721,96,162,693,5527,1409.0,977,272,54,106,569,872,110,53,0,569,0,4118,3246,595,0.254930342,0.324475066,0.381219468,0.705694534,6.542471960506805,Team_116,78.8038572081368
723,98,163,775,5661,1541.0,1077,264,52,148,483,855,180,66,0,483,0,4120,3265,643,0.27221339,0.329427083,0.415650945,0.745078028,6.654152520183219,Team_74,80.60960351986894
725,84,162,783,5560,1478.0,995,262,29,192,514,928,169,46,0,514,0,4082,3154,752,0.265827338,0.327955219,0.426978417,0.754933636,6.664409020350408,Team_30,80.00987794178552
727,68,162,667,5525,1385.0,959,266,24,136,555,1087,110,44,59,614,39,4140,3053,845,0.250678733,0.323567498,0.381357466,0.704924964,6.504288173536645,Team_104,79.21770468804517
729,69,162,609,5437,1327.0,890,261,39,137,484,1228,149,41,35,519,40,4110,2882,724,0.24406842,0.307871915,0.382012139,0.689884054,6.413458957167357,Team_20,77.72607079195981
731,64,162,614,5619,1411.0,1018,251,35,107,471,912,93,64,0,471,0,4208,3296,728,0.251112298,0.309031199,0.365367503,0.674398702,6.421622267806518,Team_52,77.41190232823486
733,78,161,593,5439,1367.0,993,242,36,96,470,782,131,38,0,470,0,4072,3290,585,0.251332966,0.310881706,0.362015076,0.672896782,6.386879319362645,Team_20,77.72607079195981
735,95,163,891,5733,1599.0,1065,277,41,216,484,714,84,52,0,484,0,4134,3420,717,0.278911565,0.335049059,0.454561312,0.789610371,6.79346613258001,Team_111,81.19148866272155
737,106,162,826,5484,1489.0,951,297,26,215,548,1062,98,43,0,548,0,3995,2933,581,0.271517141,0.337698939,0.452771699,0.790470638,6.717804695023691,Team_31,78.86341803446572
739,71,162,701,5512,1436.0,982,272,42,140,470,868,84,40,0,470,0,4076,3208,719,0.260522496,0.318622534,0.401306241,0.719928775,6.553933404025811,Team_59,78.67992476303151
741,85,162,743,5574,1526.0,1172,222,51,81,550,714,146,75,0,550,0,4048,3334,704,0.27377108,0.338994121,0.375493362,0.714487484,6.612041034833092,Team_33,78.65152336482947
743,91,162,687,5500,1384.0,920,261,49,154,473,840,128,48,0,473,0,4116,3276,639,0.251636364,0.310899046,0.400909091,0.711808137,6.5337888379333435,Team_132,78.8397460545965
745,99,162,712,5416,1414.0,1042,220,25,127,562,855,157,55,0,562,0,4002,3147,576,0.261078287,0.330545333,0.381277696,0.711823029,6.569481420414296,Team_140,79.76364493635991
747,79,163,696,5598,1515.0,1079,273,54,109,397,722,182,47,0,397,0,4083,3361,767,0.270632369,0.318932444,0.397106109,0.716038553,6.546785410760524,Team_55,78.53623404971326
749,95,162,945,5651,1653.0,1090,304,29,230,611,937,111,54,0,611,0,3998,3061,859,0.292514599,0.361545832,0.47867634,0.840222172,6.852242569051878,Team_53,80.47483898790898
751,61,162,742,5606,1476.0,992,267,30,187,489,977,140,54,0,489,0,4130,3153,957,0.263289333,0.322395406,0.421691045,0.744086451,6.610696044717759,Team_36,78.7049491524161
753,74,162,732,5503,1408.0,997,247,36,128,519,821,164,72,0,519,0,4095,3274,760,0.25586044,0.319993358,0.383608941,0.703602298,6.597145701886651,Team_78,78.09723083447903
755,67,162,556,5421,1263.0,879,253,22,109,435,1280,125,40,37,472,41,4158,2878,675,0.232982844,0.292382878,0.348090758,0.640473636,6.322565239927284,Team_100,77.79803387761456
757,77,162,645,5538,1399.0,987,254,36,122,501,1419,58,21,35,536,39,4139,2720,674,0.252618274,0.316538524,0.377573131,0.694111656,6.470799503782602,Team_95,77.91724330668968
759,88,162,751,5702,1560.0,1162,238,46,114,514,828,55,31,0,514,0,4142,3314,657,0.273588215,0.333655084,0.391441599,0.725096683,6.62273632394984,Team_70,79.63818705996256
761,77,162,535,5294,1199.0,836,224,30,109,468,1294,91,34,41,509,45,4095,2801,577,0.226482811,0.292065663,0.341896487,0.63396215,6.284134161070802,Team_58,78.63901044860229
763,82,162,684,5502,1416.0,978,269,39,130,600,977,99,44,49,649,48,4086,3109,726,0.25736096,0.333118245,0.39131225,0.724430495,6.529418838262226,Team_138,80.2055913195645
765,87,162,764,5620,1556.0,1086,281,57,132,475,665,101,49,0,475,0,4064,3399,708,0.276868327,0.333223954,0.417615658,0.750839612,6.639875833826536,Team_135,79.76364493635991
767,79,159,688,5404,1409.0,1030,201,25,153,525,667,106,89,0,525,0,3995,3328,703,0.260732791,0.326193287,0.39211695,0.718310238,6.535241271013659,Team_75,80.18856998822673
769,86,162,637,5438,1369.0,961,269,23,116,481,1156,104,44,52,533,38,4069,2913,597,0.251746966,0.316525212,0.373666789,0.690192001,6.45833828334479,Team_120,78.7049491524161
771,74,161,609,5441,1401.0,1055,207,38,101,450,730,107,59,0,450,0,4040,3310,709,0.257489432,0.314208114,0.365190222,0.679398336,6.413458957167357,Team_127,78.70879319815553
773,86,163,809,5716,1540.0,1039,285,35,181,496,848,110,59,0,496,0,4176,3328,733,0.269419174,0.327752737,0.426522043,0.75427478,6.697034247666484,Team_61,79.40076266675466
775,67,163,629,5447,1324.0,950,215,36,123,558,926,106,50,0,558,0,4123,3197,735,0.24306958,0.313405495,0.363502846,0.676908341,6.4457198193855785,Team_114,78.90276526385752
777,73,163,740,5563,1366.0,867,297,25,177,620,1245,72,44,61,681,49,4197,2952,826,0.245550962,0.325282059,0.403379472,0.728661531,6.608000625296087,Team_87,79.46967711034428
779,92,162,690,5475,1428.0,1059,227,41,101,554,897,154,51,0,554,0,4047,3150,635,0.260821918,0.328744402,0.37260274,0.701347142,6.53813982376767,Team_73,79.8918458210646
781,66,162,662,5515,1393.0,985,243,29,136,547,1062,71,44,30,577,41,4122,3060,815,0.252583862,0.321213109,0.381142339,0.702355448,6.4967749901858625,Team_5,79.70257544397496
783,83,162,711,5437,1404.0,941,294,25,144,522,990,100,39,45,567,40,4033,3043,716,0.258230642,0.326108537,0.40095641,0.727064947,6.568077911411976,Team_80,81.19148866272155
785,101,162,847,5546,1548.0,1040,266,56,186,573,806,135,68,0,573,0,3998,3192,668,0.279120087,0.346625266,0.447890371,0.794515637,6.742880635791903,Team_9,79.28355939771134
787,80,162,858,5676,1565.0,1007,345,29,184,606,1009,94,55,78,684,42,4111,3102,857,0.27572234,0.35129647,0.44397463,0.7952711,6.755768921984255,Team_131,79.84763574379295
789,80,162,641,5492,1435.0,1075,212,17,131,489,680,47,43,0,489,0,4057,3377,610,0.261289148,0.321685337,0.377640204,0.699325541,6.464588303689961,Team_149,78.60802230113683
791,93,162,712,5560,1375.0,875,270,16,214,480,1315,58,29,50,530,30,4185,2870,705,0.247302158,0.31127451,0.417086331,0.728360841,6.569481420414296,Team_113,80.83361369157439
793,70,162,734,5641,1499.0,1067,285,32,115,506,915,112,54,0,506,0,4142,3227,818,0.265733026,0.32617537,0.388760858,0.714936228,6.5998704992128365,Team_81,78.36152747585817
795,62,162,757,5589,1515.0,1019,335,37,124,474,1040,65,34,64,538,48,4074,3034,971,0.27106817,0.332469636,0.410806942,0.743276578,6.630683385642372,Team_17,78.08382878769916
797,90,162,665,5434,1338.0,946,236,24,132,538,1183,124,50,50,588,46,4096,2913,581,0.246227457,0.317402769,0.371365477,0.688768245,6.501289670540389,Team_60,79.7216495326434
799,99,163,796,5587,1493.0,1005,270,46,172,582,835,74,51,0,582,0,4094,3259,657,0.267227492,0.336359215,0.42437802,0.760737236,6.680854678790215,Team_12,80.71607961873718
801,93,162,796,5735,1625.0,1134,292,23,176,531,1073,35,20,43,574,47,4110,3037,624,0.283347864,0.34597231,0.43435048,0.780322789,6.680854678790215,Team_75,80.18856998822673
803,89,162,641,5528,1345.0,912,244,16,173,504,1260,77,44,28,532,30,4183,2923,605,0.243306802,0.308210181,0.387120116,0.695330296,6.464588303689961,Team_140,79.76364493635991
805,83,162,669,5459,1374.0,979,209,27,159,447,1056,137,53,0,447,0,4085,3029,678,0.25169445,0.308330511,0.387250412,0.695580924,6.507277712385012,Team_14,80.09960816609207
807,41,105,348,3493,868.0,640,136,35,57,304,603,103,42,0,304,0,2625,2022,432,0.248496994,0.308664735,0.35642714,0.665091875,5.855071922202427,Team_19,79.77554565349752
809,82,161,608,5457,1345.0,1038,198,24,85,540,805,27,22,0,540,0,4112,3307,588,0.246472421,0.314323829,0.338281107,0.652604935,6.411818267709897,Team_44,79.7216495326434
811,86,163,731,5734,1594.0,1152,279,63,100,460,838,116,69,0,460,0,4140,3302,693,0.277990931,0.331611237,0.400941751,0.732552988,6.595780513961311,Team_43,77.62187934681745
813,72,161,714,5546,1459.0,1011,274,40,134,475,984,135,50,0,475,0,4087,3103,899,0.263072485,0.321209101,0.399386946,0.720596047,6.5722825426940075,Team_146,79.50373951014369
815,69,162,532,5321,1304.0,973,200,31,100,433,800,144,117,0,433,0,4017,3217,690,0.245066717,0.301876955,0.350685961,0.652562916,6.278521424165844,Team_86,77.51346915829869
817,98,162,695,5549,1425.0,1017,239,35,134,546,872,117,53,0,546,0,4124,3252,568,0.256803028,0.32337982,0.384934222,0.708314042,6.54534966033442,Team_106,79.34369089919473
819,90,159,682,5474,1382.0,1001,224,33,124,580,834,104,55,0,580,0,4092,3258,553,0.252466204,0.324083251,0.373401535,0.697484785,6.52649485957079,Team_98,79.5552279318382
821,66,162,669,5574,1397.0,1024,221,42,110,621,857,78,73,0,621,0,4177,3320,826,0.250627915,0.32574657,0.364549695,0.690296265,6.507277712385012,Team_116,78.8038572081368
823,64,162,679,5564,1466.0,1015,278,24,149,474,841,100,55,0,474,0,4098,3257,799,0.263479511,0.321298443,0.402408339,0.723706783,6.522092798170152,Team_95,77.91724330668968
825,74,161,698,5458,1470.0,1088,229,23,130,502,831,137,60,0,502,0,3988,3157,792,0.269329425,0.330872483,0.391168926,0.72204141,6.54965074223381,Team_117,78.24317125352412
827,74,162,675,5410,1380.0,976,233,40,131,542,880,159,89,0,542,0,4030,3150,695,0.255083179,0.322916667,0.385582255,0.708498922,6.516193076042964,Team_50,78.70879319815553
829,59,162,710,5493,1416.0,951,271,38,156,617,1208,73,40,56,673,42,4077,2869,874,0.257782632,0.336501289,0.406153286,0.742654575,6.566672429803241,Team_121,78.93638824398828
831,84,163,831,5702,1620.0,1148,270,45,157,456,944,141,54,0,456,0,4082,3138,841,0.284110838,0.337122442,0.429849176,0.766971618,6.723832440821209,Team_1,80.12160057047782
833,81,162,608,5480,1350.0,961,255,38,96,506,1025,139,54,0,506,0,4130,3105,668,0.246350365,0.310056799,0.359306569,0.669363369,6.411818267709897,Team_60,79.7216495326434
835,88,163,661,5533,1375.0,1016,202,37,120,571,772,72,44,0,571,0,4158,3386,563,0.248508946,0.318807339,0.36345563,0.682262969,6.495265555937008,Team_138,80.2055913195645
837,96,163,865,5649,1536.0,978,312,37,209,569,1125,164,54,0,569,0,4113,2988,711,0.271906532,0.33853329,0.451230306,0.789763597,6.763884908562435,Team_6,80.99690373928452
839,86,162,894,5661,1580.0,1000,357,33,190,546,1081,37,25,90,636,56,4081,3000,826,0.279102632,0.348811585,0.454513337,0.803324922,6.796823718274855,Team_129,80.64554841440682
841,76,162,648,5485,1386.0,998,238,28,122,526,936,162,46,0,526,0,4099,3163,678,0.252689152,0.318083514,0.37301732,0.691100834,6.47543271670409,Team_39,79.81413345688416
843,86,162,736,5542,1456.0,1003,285,18,150,541,1027,79,41,50,591,40,4086,3059,641,0.262721039,0.331605378,0.401840491,0.733445869,6.602587892189336,Team_56,80.70207004671622
845,84,162,829,5628,1531.0,1066,279,25,161,617,953,126,72,0,617,0,4097,3144,794,0.272032694,0.343955164,0.416311301,0.760266465,6.721425700790643,Team_122,80.05761276237554
847,59,107,421,3529,889.0,619,148,22,100,391,434,47,30,0,391,0,2640,2206,343,0.251912723,0.326530612,0.391328988,0.717859601,6.045005314036012,Team_26,78.67176443973042
849,90,162,750,5535,1398.0,841,324,35,198,550,1203,108,38,69,619,43,4137,2934,689,0.252574526,0.325480071,0.431074977,0.756555048,6.621405651764134,Team_147,80.43557139582421
851,64,162,691,5578,1465.0,1027,266,44,128,479,1145,92,46,0,479,0,4113,2968,852,0.262638939,0.320950966,0.394944425,0.71589539,6.539585955617669,Team_91,77.84180840021031
853,70,162,620,5345,1309.0,1027,170,30,82,589,811,74,61,0,589,0,4036,3225,700,0.244901777,0.319851702,0.333956969,0.653808671,6.431331081933479,Team_61,79.40076266675466
855,73,162,694,5512,1417.0,1017,237,29,134,489,838,81,55,0,489,0,4095,3257,728,0.257075472,0.317613731,0.383526851,0.701140582,6.543911845564792,Team_78,78.09723083447903
857,73,144,693,4963,1315.0,851,267,39,158,440,953,105,37,0,440,0,3648,2695,671,0.264960709,0.324819545,0.429981866,0.754801411,6.542471960506805,Team_113,80.83361369157439
859,53,162,783,5530,1413.0,931,257,21,204,546,1268,87,50,0,546,0,4117,2849,1103,0.255515371,0.322416063,0.420253165,0.742669228,6.664409020350408,Team_136,78.11355212439187
861,70,162,704,5476,1451.0,1085,249,31,86,605,691,109,71,0,605,0,4025,3334,785,0.264974434,0.338102286,0.368882396,0.706984682,6.558197802812269,Team_118,78.2165289677809
863,65,162,597,5403,1294.0,911,246,31,106,489,981,112,49,0,489,0,4109,3128,734,0.239496576,0.302613714,0.355358134,0.657971848,6.393590753950631,Team_26,78.67176443973042
865,84,162,636,5408,1321.0,960,204,36,121,501,1069,101,64,0,501,0,4087,3018,646,0.244267751,0.308343205,0.362426036,0.670769241,6.456769655572163,Team_116,78.8038572081368
867,43,162,591,5466,1312.0,919,201,39,153,443,1099,98,63,47,490,49,4154,3055,928,0.240029272,0.300083264,0.375045737,0.675129001,6.3835066348840055,Team_134,78.12582419141567
869,71,162,826,5664,1506.0,957,274,36,239,488,1052,65,25,75,563,42,4158,3106,969,0.265889831,0.330036688,0.453566384,0.783603073,6.717804695023691,Team_37,79.6067163535327
871,51,115,468,3926,1043.0,745,180,24,94,349,746,65,26,0,349,0,2883,2137,576,0.265664799,0.325614035,0.395568008,0.721182043,6.150602768446279,Team_31,78.86341803446572
873,79,161,662,5343,1355.0,1039,201,29,86,652,812,124,49,0,652,0,3988,3176,657,0.253602845,0.334778982,0.350364964,0.685143946,6.4967749901858625,Team_96,79.78353845446166
875,94,162,731,5421,1357.0,855,293,37,172,531,1249,133,55,61,592,33,4064,2815,662,0.250322819,0.322361892,0.413207895,0.735569787,6.595780513961311,Team_111,81.19148866272155
877,78,162,724,5590,1512.0,1051,287,32,142,536,758,30,26,0,536,0,4078,3320,775,0.270483005,0.334312765,0.409481216,0.743793982,6.586171654854675,Team_59,78.67992476303151
879,103,162,808,5557,1534.0,1064,269,33,168,516,930,120,65,0,516,0,4023,3093,636,0.276048227,0.33755969,0.427028972,0.764588663,6.695798917058491,Team_21,80.8479570263648
881,72,162,574,5456,1330.0,969,220,36,105,435,1067,112,64,0,435,0,4126,3059,647,0.243768328,0.299609574,0.355021994,0.654631568,6.354370040797351,Team_5,79.70257544397496
883,98,162,896,5649,1535.0,1004,274,32,225,653,913,106,50,0,653,0,4114,3201,735,0.27172951,0.347191368,0.451053284,0.798244652,6.799055862058796,Team_53,80.47483898790898
885,83,162,723,5549,1435.0,952,282,24,177,502,1151,78,21,41,543,40,4114,2963,686,0.258605154,0.322570124,0.413768247,0.73633837,6.584791392385716,Team_24,80.64554841440682
887,71,161,690,5568,1467.0,1072,250,44,101,462,746,69,34,0,462,0,4101,3355,802,0.263469828,0.319900498,0.378591954,0.698492452,6.53813982376767,Team_135,79.76364493635991
889,75,162,638,5425,1315.0,878,265,31,141,586,1182,82,29,57,643,36,4110,2928,769,0.242396313,0.320773263,0.380645161,0.701418425,6.459904454377535,Team_78,78.09723083447903
891,64,162,758,5577,1526.0,1002,306,52,166,450,1213,100,40,36,486,39,4051,2838,890,0.273623812,0.329727958,0.43643536,0.766163318,6.63200177739563,Team_93,77.51042108645524
893,65,162,708,5511,1386.0,898,304,40,144,611,1117,102,30,44,655,37,4125,3008,830,0.251497006,0.329034338,0.399564507,0.728598846,6.5638555265321274,Team_21,80.8479570263648
895,70,162,587,5444,1408.0,1024,255,38,91,399,670,68,54,0,399,0,4036,3366,722,0.258633358,0.309258942,0.36958119,0.678840133,6.376726947898627,Team_43,77.62187934681745
897,85,162,787,5630,1530.0,1042,314,27,147,510,1028,93,45,0,510,0,4100,3072,783,0.271758437,0.332247557,0.415452931,0.747700488,6.669498089857879,Team_60,79.7216495326434
899,83,162,865,5534,1481.0,936,284,19,242,499,1030,78,51,63,562,42,4053,3023,831,0.267618359,0.332844575,0.456993133,0.789837708,6.763884908562435,Team_37,79.6067163535327
901,57,162,619,5488,1397.0,1063,195,29,110,503,791,91,53,0,503,0,4091,3300,844,0.254555394,0.31714238,0.360787172,0.677929552,6.429719478039138,Team_92,79.39730554246107
903,92,161,712,5489,1444.0,1004,255,47,138,468,832,49,28,0,468,0,4045,3213,565,0.263071598,0.32096693,0.402076881,0.723043811,6.569481420414296,Team_22,80.05761276237554
905,83,162,686,5495,1424.0,1040,212,35,137,506,824,175,82,0,506,0,4071,3247,642,0.259144677,0.321613064,0.385259327,0.706872391,6.532334292222349,Team_51,81.12549452966455
907,54,161,605,5418,1367.0,996,230,41,100,499,819,65,55,0,499,0,4051,3232,822,0.252307124,0.315362515,0.365263935,0.68062645,6.406879986069314,Team_86,77.51346915829869
909,90,162,703,5538,1396.0,998,215,33,150,516,1190,124,40,0,516,0,4142,2952,652,0.252076562,0.315824248,0.384073673,0.699897921,6.556778356158042,Team_94,80.46876264396167
911,67,162,740,5542,1477.0,1013,280,34,150,509,1103,65,32,64,573,34,4065,2962,862,0.266510285,0.333387543,0.410501624,0.743889167,6.608000625296087,Team_64,79.00772766946258
913,96,162,721,5447,1422.0,930,276,31,185,481,1083,94,31,56,537,44,4025,2942,638,0.261061135,0.324983411,0.42500459,0.749988,6.582025138892826,Team_58,78.63901044860229
915,64,109,458,3677,910.0,661,119,26,104,342,647,98,47,0,342,0,2767,2120,403,0.247484362,0.311520279,0.378841447,0.690361726,6.129050210060545,Team_10,78.0778253460572
917,77,162,841,5598,1539.0,1032,302,44,161,631,1081,125,35,0,631,0,4059,2978,846,0.274919614,0.348370525,0.430868167,0.779238692,6.7357800142423265,Team_63,78.37525563334707
919,89,162,671,5524,1451.0,1100,220,30,101,515,690,53,35,0,515,0,4073,3383,623,0.262671977,0.325550588,0.368211441,0.693762029,6.51025834052315,Team_123,80.30365349564403
921,64,162,581,5475,1356.0,1034,197,31,94,498,1054,117,56,0,498,0,4119,3065,724,0.247671233,0.310396786,0.346484018,0.656880804,6.366470447731438,Team_120,78.7049491524161
923,75,162,798,5696,1516.0,955,339,13,209,548,1028,73,23,45,593,49,4180,3152,771,0.266151685,0.332754812,0.440308989,0.773063801,6.683360945766275,Team_111,81.19148866272155
925,87,162,682,5488,1409.0,1012,258,26,113,439,911,159,55,0,439,0,4079,3168,616,0.256741983,0.311793487,0.375,0.686793487,6.52649485957079,Team_104,79.21770468804517
927,47,115,543,3943,1042.0,728,178,16,120,402,715,65,54,0,402,0,2901,2186,660,0.264265787,0.332336018,0.408825767,0.741161786,6.298949246855942,Team_29,79.88500096778132
929,67,162,711,5544,1490.0,1056,250,52,132,515,725,126,52,0,515,0,4054,3329,820,0.268759019,0.330912692,0.404040404,0.734953096,6.568077911411976,Team_103,78.49856698685302
931,88,162,731,5576,1465.0,968,298,38,161,564,1104,123,31,40,604,47,4111,3007,679,0.262733142,0.332262727,0.416427547,0.748690273,6.595780513961311,Team_6,80.99690373928452
933,95,160,796,5448,1500.0,1038,284,44,134,565,741,66,58,0,565,0,3948,3207,709,0.275330396,0.343422584,0.417400881,0.760823465,6.680854678790215,Team_1,80.12160057047782
935,57,105,452,3581,968.0,726,178,15,49,295,396,46,41,0,295,0,2613,2217,389,0.270315554,0.325851393,0.369449874,0.695301268,6.115892125483034,Team_36,78.7049491524161
937,63,162,619,5487,1357.0,970,259,25,103,440,1048,92,39,37,477,25,4130,3082,804,0.247311828,0.306228085,0.35994168,0.666169765,6.429719478039138,Team_133,77.27759998016256
939,95,162,822,5642,1548.0,1011,294,40,203,430,1133,60,40,45,475,36,4094,2961,675,0.27437079,0.328782708,0.448599787,0.777382495,6.71295620067707,Team_77,79.00935845351081
941,90,162,697,5398,1293.0,838,250,30,175,571,1323,134,44,58,629,42,4105,2782,577,0.23953316,0.316691382,0.394220082,0.710911464,6.548219102762372,Team_16,79.25970009176169
943,80,162,767,5663,1489.0,971,287,36,195,470,1094,156,55,74,544,43,4174,3080,753,0.26293484,0.32528,0.429630938,0.754910938,6.643789733147672,Team_39,79.81413345688416
945,88,162,804,5605,1543.0,1045,294,27,177,549,981,200,46,54,603,58,4062,3081,750,0.27528992,0.342483243,0.432114184,0.774597427,6.690842277418564,Team_73,79.8918458210646
947,97,161,719,5494,1433.0,1029,231,25,148,560,945,90,51,0,560,0,4061,3116,653,0.260829996,0.329203832,0.392792137,0.721995969,6.579251212010101,Team_82,80.21336691063277
949,95,162,787,5563,1540.0,1040,297,34,169,521,1143,49,20,39,560,58,4023,2880,711,0.276829049,0.339750849,0.433579004,0.773329854,6.669498089857879,Team_36,78.7049491524161
951,65,162,722,5664,1494.0,994,306,29,165,455,1070,122,62,0,455,0,4170,3100,863,0.263771186,0.318516097,0.415430791,0.733946888,6.583409222158765,Team_7,75.38265511294793
953,88,162,699,5516,1502.0,1067,298,31,106,598,795,53,52,0,598,0,4014,3219,664,0.272298767,0.343473994,0.395213923,0.738687917,6.551080335043404,Team_146,79.50373951014369
955,90,144,645,4814,1202.0,797,210,27,168,520,933,73,43,0,520,0,3612,2679,540,0.249688409,0.322834646,0.409223099,0.732057745,6.470799503782602,Team_46,80.47756679954074
957,75,162,665,5675,1474.0,992,294,50,138,478,877,88,50,0,478,0,4201,3324,736,0.259735683,0.317243621,0.402114537,0.719358158,6.501289670540389,Team_59,78.67992476303151
959,77,162,686,5492,1397.0,980,239,28,150,562,937,182,49,0,562,0,4095,3158,729,0.254369993,0.323587711,0.39002185,0.713609561,6.532334292222349,Team_95,77.91724330668968
961,75,162,611,5519,1386.0,1041,216,24,105,490,834,74,74,0,490,0,4133,3299,728,0.251132452,0.312198369,0.356042761,0.66824113,6.416732282512326,Team_92,79.39730554246107
963,56,144,642,5036,1309.0,867,275,27,140,492,906,75,16,0,492,0,3727,2821,777,0.259928515,0.325795948,0.408657665,0.734453613,6.466144724237619,Team_38,78.71747761542065
965,67,162,624,5571,1398.0,970,249,53,126,448,813,67,72,0,448,0,4173,3360,762,0.25094238,0.306695464,0.382516604,0.689212068,6.437751649736401,Team_109,78.34228628144017
967,80,162,835,5659,1571.0,1008,357,23,183,505,1061,53,24,40,545,50,4088,3027,784,0.277610885,0.33834346,0.445838487,0.784181948,6.728628613084702,Team_39,79.81413345688416
969,78,162,725,5529,1513.0,1080,279,13,141,506,909,56,33,54,560,54,4016,3107,829,0.273648038,0.337457268,0.405317417,0.742774686,6.587550014824796,Team_114,78.90276526385752
971,79,160,738,5470,1517.0,1167,221,40,89,617,625,118,58,0,617,0,3953,3328,807,0.277330896,0.35058321,0.381170018,0.731753228,6.6052979209482015,Team_89,80.27606583556135
973,83,162,776,5557,1442.0,901,300,39,202,466,1240,158,39,90,556,35,4115,2875,733,0.259492532,0.324983735,0.436566493,0.761550227,6.655440350367647,Team_8,79.07985339874436
975,63,162,598,5563,1385.0,981,237,19,148,411,1207,105,42,34,445,48,4178,2971,723,0.248966385,0.302179657,0.378213194,0.680392851,6.395261598115449,Team_91,77.84180840021031
977,83,162,923,5603,1611.0,1063,269,40,239,562,1060,137,65,0,562,0,3992,2932,908,0.28752454,0.352473642,0.477779761,0.830253402,6.828712071641684,Team_137,80.6876732725293
979,72,162,827,5623,1531.0,992,284,54,201,518,1144,86,50,50,568,43,4092,2948,844,0.272274587,0.336701957,0.449226392,0.785928349,6.71901315438526,Team_38,78.71747761542065
981,73,162,676,5531,1436.0,1049,239,46,102,460,869,132,70,0,460,0,4095,3226,709,0.259627554,0.316474712,0.374796601,0.691271313,6.517671272912275,Team_78,78.09723083447903
983,87,162,758,5551,1508.0,1094,262,34,118,588,882,153,72,0,588,0,4043,3161,744,0.271662763,0.341423685,0.394883805,0.736307489,6.63200177739563,Team_39,79.81413345688416
985,102,159,757,5371,1401.0,938,258,24,181,608,847,99,49,0,608,0,3970,3123,582,0.26084528,0.336009366,0.418916403,0.754925769,6.630683385642372,Team_65,82.35183048031948
987,82,162,764,5544,1544.0,1130,256,46,112,526,693,66,45,0,526,0,4000,3307,725,0.278499278,0.341021417,0.401875902,0.742897319,6.639875833826536,Team_55,78.53623404971326
989,67,161,747,5599,1478.0,1029,256,35,158,561,1061,130,66,0,561,0,4121,3060,820,0.26397571,0.331006494,0.406858368,0.737864861,6.617402977974478,Team_144,79.76364493635991
991,52,114,613,3983,1114.0,765,198,27,124,437,730,82,35,0,437,0,2869,2139,697,0.279688677,0.350904977,0.436354507,0.787259484,6.419994928147142,Team_58,78.63901044860229
993,82,162,734,5494,1429.0,972,272,24,161,624,901,91,68,0,624,0,4065,3164,731,0.260101929,0.335567179,0.406261376,0.741828555,6.5998704992128365,Team_61,79.40076266675466
995,59,108,519,3820,1052.0,777,168,17,90,378,520,32,31,0,378,0,2768,2248,481,0.27539267,0.340638399,0.39895288,0.739591279,6.253828811575473,Team_140,79.76364493635991
997,99,162,851,5678,1603.0,1086,333,32,152,462,805,117,51,74,536,64,4075,3270,644,0.282317718,0.340713603,0.432546671,0.773260274,6.747586526829315,Team_120,78.7049491524161
999,71,162,685,5433,1374.0,920,284,21,149,541,1094,58,35,67,608,33,4059,2965,755,0.252898951,0.326308857,0.395177618,0.721486476,6.530877627725885,Team_58,78.63901044860229
1001,86,162,820,5619,1510.0,975,327,16,192,672,1056,51,23,66,738,56,4109,3053,825,0.268731091,0.35053797,0.435130806,0.785668776,6.710523109452428,Team_42,78.1678195951322
1003,76,162,799,5631,1497.0,1038,219,34,206,608,870,84,40,0,608,0,4134,3264,774,0.26584976,0.337393813,0.426567217,0.76396103,6.684611727667927,Team_108,79.33136683864726
1005,71,162,572,5468,1286.0,985,183,22,96,597,735,43,23,0,597,0,4182,3447,646,0.23518654,0.310469909,0.329370885,0.639840794,6.35088571671474,Team_113,80.83361369157439
1007,53,113,594,3952,1092.0,727,239,23,103,359,635,94,30,0,359,0,2860,2225,688,0.276315789,0.33658084,0.426619433,0.763200273,6.38856140554563,Team_40,77.95784257654961
1009,75,162,759,5584,1464.0,1001,307,21,135,527,1046,133,48,50,577,54,4120,3074,761,0.26217765,0.328399035,0.397206304,0.725605338,6.633318433280377,Team_54,79.14332055828211
1011,78,162,851,5637,1572.0,1049,299,21,203,615,890,107,46,0,615,0,4065,3175,815,0.27887174,0.349808061,0.4474011,0.797209161,6.747586526829315,Team_145,79.36433619055416
1013,94,162,767,5541,1497.0,1058,265,39,135,596,904,154,85,0,596,0,4044,3140,657,0.27016784,0.341046114,0.405161523,0.746207637,6.643789733147672,Team_8,79.07985339874436
1015,64,115,574,3911,1051.0,702,211,38,100,376,698,140,62,0,376,0,2860,2162,532,0.268729225,0.332866807,0.418818716,0.751685523,6.354370040797351,Team_106,79.34369089919473
1017,82,162,735,5521,1407.0,931,275,27,174,585,1076,79,36,73,658,46,4114,3038,719,0.254845137,0.331726908,0.40898388,0.740710787,6.601230118728877,Team_44,79.7216495326434
1019,81,162,653,5470,1396.0,1007,245,29,115,448,928,94,56,0,448,0,4074,3146,649,0.255210238,0.311591754,0.373674589,0.685266343,6.483107351457199,Team_21,80.8479570263648
1021,88,162,887,5757,1652.0,1073,352,50,177,474,1054,103,30,56,530,45,4105,3051,797,0.286955011,0.344598863,0.457703665,0.802302528,6.78897174299217,Team_19,79.77554565349752
1023,51,110,476,3688,944.0,697,134,16,97,393,571,44,33,0,393,0,2744,2173,453,0.255965293,0.32761578,0.379880694,0.707496475,6.1675164908883415,Team_20,77.72607079195981
1025,84,162,731,5530,1486.0,1030,305,25,126,593,820,59,39,0,593,0,4044,3224,712,0.268716094,0.339539441,0.401265823,0.740805264,6.595780513961311,Team_41,81.04839216097903
1027,74,162,650,5450,1357.0,911,286,21,139,503,1250,79,38,42,545,30,4093,2843,709,0.248990826,0.315684647,0.385688073,0.701372721,6.478509642208569,Team_40,77.95784257654961
1029,88,162,940,5672,1637.0,1090,314,32,201,595,1045,82,47,0,595,0,4035,2990,871,0.288610719,0.356151269,0.461565585,0.817716854,6.846943139585379,Team_22,80.05761276237554
1031,89,162,795,5581,1546.0,1053,268,58,167,510,810,131,72,0,510,0,4035,3225,726,0.277011288,0.337547201,0.435585021,0.773132221,6.679599185844383,Team_73,79.8918458210646
1033,99,161,759,5508,1482.0,990,281,53,158,503,807,144,77,0,503,0,4026,3219,588,0.269063181,0.330227915,0.425381264,0.755609179,6.633318433280377,Team_12,80.71607961873718
1035,97,162,853,5651,1566.0,996,363,29,178,581,1308,123,19,72,653,50,4085,2777,656,0.277119094,0.349228832,0.446115732,0.795344564,6.74993119378857,Team_88,80.01561735865903
1037,76,159,724,5514,1497.0,1133,215,28,121,563,746,81,48,0,563,0,4017,3271,736,0.271490751,0.338983051,0.386470802,0.725453852,6.586171654854675,Team_33,78.65152336482947
1039,90,162,619,5426,1371.0,970,275,21,105,471,1133,57,32,86,557,39,4055,2922,603,0.252672318,0.320159415,0.369148544,0.68930796,6.429719478039138,Team_62,80.79095005250647
1041,83,162,688,5564,1441.0,1006,269,32,134,485,978,102,44,59,544,42,4123,3145,662,0.258986341,0.322764228,0.39108555,0.713849778,6.535241271013659,Team_147,80.43557139582421
1043,70,161,637,5479,1378.0,1000,227,39,112,542,1022,130,57,0,542,0,4101,3079,735,0.251505749,0.318883906,0.368497901,0.687381807,6.45833828334479,Team_69,78.01057528100284
1045,74,162,738,5608,1541.0,1091,300,49,101,451,781,117,54,0,451,0,4067,3286,710,0.27478602,0.328767123,0.39978602,0.728553143,6.6052979209482015,Team_123,80.30365349564403
1047,85,162,643,5502,1412.0,1016,239,60,97,517,869,164,95,0,517,0,4090,3221,646,0.256633951,0.32048513,0.37477281,0.69525794,6.467698726104354,Team_91,77.84180840021031
1049,84,162,810,5689,1562.0,1031,328,27,176,534,1149,64,30,49,583,47,4127,2978,733,0.27456495,0.339452445,0.434522763,0.773975208,6.698268054115413,Team_102,79.34369089919473
1051,62,162,737,5535,1415.0,948,285,42,140,524,921,140,65,52,576,51,4120,3199,891,0.25564589,0.32310938,0.398193315,0.721302695,6.6039438246004725,Team_71,78.31950581116992
1053,65,162,713,5473,1366.0,851,301,34,180,589,1529,86,41,39,628,41,4107,2578,836,0.249588891,0.324649951,0.41567696,0.740326911,6.570882962339584,Team_73,79.8918458210646
1055,84,162,633,5497,1349.0,929,247,26,147,452,1133,112,26,56,508,47,4148,3015,664,0.245406585,0.306840714,0.380025468,0.686866182,6.452048954437226,Team_12,80.71607961873718
1057,73,162,890,5685,1566.0,971,326,23,246,548,1093,97,32,75,623,55,4119,3026,968,0.275461741,0.344020116,0.470712401,0.814732517,6.792344427470809,Team_1,80.12160057047782
1059,85,161,772,5592,1469.0,1037,272,12,148,588,935,146,39,0,588,0,4123,3188,748,0.26269671,0.332847896,0.395028612,0.727876509,6.650279048587422,Team_64,79.00772766946258
1061,61,162,513,5409,1274.0,930,227,16,101,459,1184,142,39,39,498,40,4135,2951,698,0.23553337,0.297965361,0.339434276,0.637399637,6.2422232654551655,Team_64,79.00772766946258
1063,69,162,708,5585,1434.0,957,273,13,191,452,1120,81,25,52,504,43,4151,3031,860,0.256759176,0.316046967,0.412891674,0.728938641,6.5638555265321274,Team_85,79.06761202339203
1065,55,161,575,5406,1340.0,914,265,37,124,363,1035,65,44,64,427,57,4066,3031,864,0.247872734,0.3,0.379393267,0.679393267,6.3561076606958915,Team_23,79.14332055828211
1067,92,162,740,5504,1477.0,1088,272,35,82,511,779,256,115,0,511,0,4027,3248,604,0.268350291,0.330507066,0.375181686,0.705688752,6.608000625296087,Team_62,80.79095005250647
1069,95,162,887,5478,1481.0,962,259,25,235,675,1253,87,51,84,759,53,3997,2744,771,0.270354144,0.356120827,0.455458196,0.811579023,6.78897174299217,Team_110,81.7692300647022
1071,81,162,663,5448,1396.0,981,276,30,109,527,1061,156,38,47,574,51,4052,2991,626,0.256240822,0.324386629,0.377936858,0.702323487,6.498282149476434,Team_20,77.72607079195981
1073,81,162,751,5643,1515.0,1023,308,32,152,546,1147,69,30,41,587,41,4128,2981,743,0.268474216,0.335193749,0.415204678,0.750398427,6.62273632394984,Team_51,81.12549452966455
1075,98,162,749,5490,1390.0,901,292,30,167,604,1072,79,37,0,604,0,4100,3028,635,0.253187614,0.327207089,0.40856102,0.735768109,6.620073206530356,Team_137,80.6876732725293
1077,63,112,589,3856,1047.0,703,185,20,139,438,655,69,13,0,438,0,2809,2154,497,0.271524896,0.345831393,0.438018672,0.783850065,6.380122536899765,Team_40,77.95784257654961
1079,75,162,573,5379,1301.0,966,209,32,94,548,997,179,83,0,548,0,4078,3081,656,0.241866518,0.311962207,0.345045547,0.657007754,6.352629396319567,Team_34,78.85800620300988
1081,70,162,720,5565,1408.0,883,307,45,173,571,1298,102,40,37,608,41,4157,2859,782,0.253009883,0.324428709,0.417610063,0.742038772,6.580639137284949,Team_33,78.65152336482947
1083,98,162,682,5480,1391.0,982,223,48,138,493,924,126,60,0,493,0,4089,3165,569,0.253832117,0.315419387,0.387591241,0.703010628,6.52649485957079,Team_18,81.82141971846934
1085,97,162,930,5651,1608.0,1050,327,21,210,649,1053,139,35,72,721,49,4043,2990,767,0.284551407,0.362716088,0.461334277,0.824050365,6.836259277277067,Team_23,79.14332055828211
1087,86,162,697,5557,1454.0,1013,270,38,133,503,816,156,56,0,503,0,4103,3287,616,0.26165197,0.322937294,0.395717114,0.718654407,6.548219102762372,Team_74,80.60960351986894
1089,73,162,776,5665,1509.0,1019,319,33,138,510,989,126,49,0,510,0,4156,3167,833,0.266372462,0.326963563,0.407413945,0.734377508,6.655440350367647,Team_121,78.93638824398828
1091,79,162,784,5481,1415.0,939,268,32,176,578,1164,161,72,0,578,0,4066,2902,790,0.258164569,0.328932167,0.415070243,0.74400241,6.665683717782408,Team_145,79.36433619055416
1093,88,163,816,5580,1482.0,926,316,19,221,564,1132,184,81,0,564,0,4098,2966,768,0.265591398,0.333007813,0.447849462,0.780857275,6.705639094860003,Team_28,77.83185636540004
1095,75,162,649,5462,1427.0,974,299,26,128,431,901,71,35,49,480,44,4035,3134,745,0.261259612,0.318576679,0.395825705,0.714402384,6.476972362889683,Team_20,77.72607079195981
1097,63,162,620,5555,1450.0,1029,267,43,111,473,1107,120,73,0,473,0,4105,2998,751,0.261026103,0.319011281,0.384518452,0.703529733,6.431331081933479,Team_52,77.41190232823486
1099,78,162,758,5502,1454.0,921,309,42,182,497,1249,110,58,74,571,42,4048,2799,772,0.264267539,0.331152903,0.434932752,0.766085654,6.63200177739563,Team_91,77.84180840021031
1101,64,162,615,5552,1379.0,955,259,47,118,398,1165,86,33,43,441,36,4173,3008,742,0.248378963,0.301874274,0.375720461,0.677594735,6.423246963533519,Team_118,78.2165289677809
1103,85,162,642,5508,1400.0,998,213,32,157,509,722,28,30,0,509,0,4108,3386,674,0.254175744,0.317267741,0.389978214,0.707245955,6.466144724237619,Team_85,79.06761202339203
1105,90,161,659,5422,1397.0,976,248,19,154,552,864,75,61,0,552,0,4025,3161,633,0.257654002,0.326247071,0.395610476,0.721857546,6.492239835020471,Team_63,78.37525563334707
1107,77,162,750,5496,1441.0,977,298,28,138,608,1107,95,42,0,608,0,4055,2948,760,0.262190684,0.33568152,0.401928675,0.737610196,6.621405651764134,Team_88,80.01561735865903
1109,92,162,823,5601,1499.0,986,287,34,192,592,1012,159,49,0,592,0,4102,3090,698,0.26763078,0.33763927,0.433851098,0.771490368,6.714170529909472,Team_126,80.41836791691524
1111,76,162,578,5518,1373.0,1062,207,33,71,484,827,234,64,0,484,0,4145,3318,633,0.248822037,0.309396868,0.336897427,0.646294294,6.361302477572996,Team_123,80.30365349564403
1113,90,163,860,5691,1591.0,1071,313,36,171,622,1152,100,31,58,680,44,4100,2948,758,0.279564224,0.35401403,0.437357231,0.79137126,6.7580945044277305,Team_143,80.22457741386685
1115,81,162,743,5559,1384.0,879,285,34,186,525,1184,131,52,48,573,47,4175,2991,761,0.248965641,0.316717916,0.412844037,0.729561952,6.612041034833092,Team_132,78.8397460545965
1117,68,162,714,5548,1423.0,937,266,24,196,547,1221,99,39,71,618,40,4125,2904,873,0.256488825,0.328875282,0.419069935,0.747945217,6.5722825426940075,Team_119,78.4197920174313
1119,76,162,773,5645,1506.0,977,331,38,160,504,965,76,30,67,571,53,4139,3174,788,0.266784765,0.331312809,0.423914969,0.755227778,6.651571873589727,Team_10,78.0778253460572
1121,86,161,868,5556,1589.0,1046,301,22,220,617,955,118,59,0,617,0,3967,3012,815,0.28599712,0.357362709,0.466882649,0.824245358,6.767343125265392,Team_105,79.8588764691577
1123,81,162,726,5448,1413.0,892,327,19,175,531,1162,79,34,73,604,38,4035,2873,697,0.259361233,0.331198686,0.422723935,0.753922622,6.588926477533519,Team_28,77.83185636540004
1125,91,161,947,5560,1501.0,958,281,23,239,750,1159,40,15,52,802,44,4059,2900,813,0.269964029,0.359506712,0.457733813,0.817240525,6.854354502255021,Team_105,79.8588764691577
1127,90,162,713,5540,1490.0,1109,259,57,65,484,650,218,106,0,484,0,4050,3400,611,0.268953069,0.327689243,0.371480144,0.699169387,6.570882962339584,Team_87,79.46967711034428
1129,89,162,753,5596,1536.0,1098,271,31,136,547,736,42,39,0,547,0,4060,3324,713,0.274481773,0.339085138,0.406897784,0.745982922,6.625392368007956,Team_36,78.7049491524161
1131,90,162,801,5655,1567.0,1049,318,45,155,512,1027,94,44,63,575,52,4088,3061,758,0.277099912,0.340974212,0.431476569,0.772450781,6.687108607866515,Team_53,80.47483898790898
1133,103,162,800,5558,1450.0,938,279,28,205,609,1008,46,20,68,677,36,4108,3100,654,0.260885211,0.339180354,0.431810004,0.770990358,6.68586094706836,Team_113,80.83361369157439
1135,68,162,691,5448,1286.0,899,211,27,149,582,948,232,87,0,582,0,4162,3214,819,0.236049927,0.309784411,0.366740088,0.676524499,6.539585955617669,Team_52,77.41190232823486
1137,59,163,610,5489,1359.0,1009,211,35,104,483,727,116,62,0,483,0,4130,3403,793,0.247586081,0.308439384,0.355620332,0.664059715,6.415096959171596,Team_53,80.47483898790898
1139,66,162,632,5526,1359.0,992,213,28,126,553,849,72,52,0,553,0,4167,3318,781,0.245928339,0.314525415,0.36301122,0.677536635,6.450470422144176,Team_78,78.09723083447903
1141,75,162,823,5564,1478.0,985,264,35,194,567,1081,120,71,0,567,0,4086,3005,849,0.265636233,0.333550807,0.430265996,0.763816803,6.714170529909472,Team_66,80.60355301069029
1143,97,162,867,5518,1452.0,930,267,33,222,627,1138,147,46,74,701,51,4066,2928,657,0.263138818,0.34338118,0.444182675,0.787563855,6.7661917146603505,Team_38,78.71747761542065
1145,78,144,634,4942,1303.0,941,191,31,140,468,1023,127,45,0,468,0,3639,2616,609,0.263658438,0.327356747,0.399838122,0.727194869,6.453624998892692,Team_88,80.01561735865903
1147,91,162,850,5546,1500.0,970,314,33,183,705,874,43,23,72,777,51,4046,3172,770,0.2704652,0.357232507,0.437973314,0.795205821,6.7464121285733745,Team_56,80.70207004671622
1149,71,162,741,5531,1446.0,954,257,39,196,501,977,81,61,0,501,0,4085,3108,839,0.261435545,0.322778515,0.428313144,0.751091659,6.60934924316738,Team_25,79.67965412892687
1151,79,145,796,4996,1377.0,899,276,20,182,549,871,110,41,0,549,0,3619,2748,708,0.275620496,0.347339946,0.448158527,0.795498473,6.680854678790215,Team_140,79.76364493635991
1153,71,162,680,5592,1429.0,1037,205,29,158,471,793,60,68,0,471,0,4163,3370,826,0.255543634,0.313376216,0.387339056,0.700715272,6.523562306149512,Team_74,80.60960351986894
1155,76,162,750,5518,1380.0,871,287,28,194,599,1335,77,25,81,680,25,4138,2803,907,0.250090613,0.33103005,0.417723813,0.748753863,6.621405651764134,Team_38,78.71747761542065
1157,83,162,836,5568,1526.0,1037,288,39,162,476,926,120,42,75,551,57,4042,3116,867,0.274066092,0.336301813,0.427083333,0.763385147,6.729824070489475,Team_96,79.78353845446166
1159,67,162,758,5517,1507.0,1028,278,59,142,388,944,146,90,0,388,0,4010,3066,967,0.273155701,0.320914479,0.422149719,0.743064198,6.63200177739563,Team_123,80.30365349564403
1161,67,162,667,5491,1353.0,850,311,27,165,452,993,110,48,64,516,49,4138,3145,773,0.246403205,0.308619551,0.403023129,0.71164268,6.504288173536645,Team_102,79.34369089919473
